eid	lid	category	size	model	text	source
Id25	Id1	Airport	1	only	dutch language is spoken in belgium .	Belgium language Dutch_language .
Id25	Id1	Airport	1	attacl	the dutch language is spoken in belgium 's .	Belgium language Dutch_language .
Id25	Id1	Airport	1	attcopy	the dutch language is spoken in belgium 's .	Belgium language Dutch_language .
Id25	Id1	Airport	1	profilereg	the dutch language is spoken in belgium 's .	Belgium language Dutch_language .
Id43	Id1	Monument	1	only	baku turkish martyrs memorial is known locally as türk şehitleri anıtı .	Baku_Turkish_Martyrs_Memorial nativeName "Türk_Şehitleri_Anıtı" .
Id43	Id1	Monument	1	attacl	baku turkish martyrs ' memorial is known locally as türk şehitleri anıtı .	Baku_Turkish_Martyrs_Memorial nativeName "Türk_Şehitleri_Anıtı" .
Id43	Id1	Monument	1	attcopy	the baku turkish martyrs ' memorial is known locally as türk şehitleri anıtı .	Baku_Turkish_Martyrs_Memorial nativeName "Türk_Şehitleri_Anıtı" .
Id43	Id1	Monument	1	profilereg	the baku turkish martyrs ' memorial is known locally as türk şehitleri anıtı .	Baku_Turkish_Martyrs_Memorial nativeName "Türk_Şehitleri_Anıtı" .
Id58	Id1	Building	1	only	asilomar conference grounds were constructed in 1913 .	Asilomar_Conference_Grounds yearOfConstruction 1913 .
Id58	Id1	Building	1	attacl	the asilomar conference grounds were constructed in 1913 .	Asilomar_Conference_Grounds yearOfConstruction 1913 .
Id58	Id1	Building	1	attcopy	the asilomar conference grounds were constructed in 1913 .	Asilomar_Conference_Grounds yearOfConstruction 1913 .
Id58	Id1	Building	1	profilereg	asilomar conference grounds were constructed in 1913 .	Asilomar_Conference_Grounds yearOfConstruction 1913 .
Id80	Id1	WrittenWork	1	only	diane duane wrote a wizard of mars .	A_Wizard_of_Mars author Diane_Duane .
Id80	Id1	WrittenWork	1	attacl	diane duane wrote a wizard of mars .	A_Wizard_of_Mars author Diane_Duane .
Id80	Id1	WrittenWork	1	attcopy	diane duane wrote a wizard of mars .	A_Wizard_of_Mars author Diane_Duane .
Id80	Id1	WrittenWork	1	profilereg	diane duane wrote a wizard of mars .	A_Wizard_of_Mars author Diane_Duane .
Id118	Id1	SportsTeam	1	only	frank de boer once played football for fc barcelona .	Frank_de_Boer club FC_Barcelona .
Id118	Id1	SportsTeam	1	attacl	frank de boer once played football for fc .	Frank_de_Boer club FC_Barcelona .
Id118	Id1	SportsTeam	1	attcopy	frank de boer once played football for fc barcelona .	Frank_de_Boer club FC_Barcelona .
Id118	Id1	SportsTeam	1	profilereg	frank de boer once played football for fc barcelona .	Frank_de_Boer club FC_Barcelona .
Id136	Id1	University	1	only	the dean of school of business and social sciences at the aarhus university is thomas pallesen .	School_of_Business_and_Social_Sciences_at_the_Aarhus_University dean "Thomas_Pallesen" .
Id136	Id1	University	1	attacl	the dean of the school of business and social sciences at the aarhus university is thomas pallesen .	School_of_Business_and_Social_Sciences_at_the_Aarhus_University dean "Thomas_Pallesen" .
Id136	Id1	University	1	attcopy	the dean of the school of business and social sciences at aarhus aarhus is thomas pallesen .	School_of_Business_and_Social_Sciences_at_the_Aarhus_University dean "Thomas_Pallesen" .
Id136	Id1	University	1	profilereg	the dean of the school of business and social sciences at the aarhus is thomas pallesen .	School_of_Business_and_Social_Sciences_at_the_Aarhus_University dean "Thomas_Pallesen" .
Id138	Id1	Astronaut	1	only	alan bean nationality is united states .	Alan_Bean nationality United_States .
Id138	Id1	Astronaut	1	attacl	alan bean 's nationality is an american .	Alan_Bean nationality United_States .
Id138	Id1	Astronaut	1	attcopy	alan bean 's nationality is an american .	Alan_Bean nationality United_States .
Id138	Id1	Astronaut	1	profilereg	alan bean 's nationality is an american .	Alan_Bean nationality United_States .
Id156	Id1	ComicsCharacter	1	only	marv wolfman has won kirby award .	Marv_Wolfman award Kirby_Award .
Id156	Id1	ComicsCharacter	1	attacl	marv wolfman has won the american per authority .	Marv_Wolfman award Kirby_Award .
Id156	Id1	ComicsCharacter	1	attcopy	marv wolfman has won the kirby award .	Marv_Wolfman award Kirby_Award .
Id156	Id1	ComicsCharacter	1	profilereg	marv wolfman has won jack kirby .	Marv_Wolfman award Kirby_Award .
Id176	Id1	City	1	only	auburn , washington has a total area of 77.41 ( square kilometres ) .	Auburn,_Washington areaTotal 77.41_(square_kilometres) .
Id176	Id1	City	1	attacl	auburn , washington has a total area of malik california .	Auburn,_Washington areaTotal 77.41_(square_kilometres) .
Id176	Id1	City	1	attcopy	auburn , washington has a total area of 77.41 square kilometres .	Auburn,_Washington areaTotal 77.41_(square_kilometres) .
Id176	Id1	City	1	profilereg	auburn , washington has a total area of 77.41 sqkm .	Auburn,_Washington areaTotal 77.41_(square_kilometres) .
Id206	Id1	Food	1	only	bhajji is also known as bhaji, bajji .	Bhajji alternativeName "Bhaji,_bajji" .
Id206	Id1	Food	1	attacl	bhajji is also known as bhaji, bajji .	Bhajji alternativeName "Bhaji,_bajji" .
Id206	Id1	Food	1	attcopy	bhajji is also known as bhaji, bajji .	Bhajji alternativeName "Bhaji,_bajji" .
Id206	Id1	Food	1	profilereg	the dish is also known as bhaji, bajji .	Bhajji alternativeName "Bhaji,_bajji" .
Id226	Id1	Monument	2	only	baku turkish martyrs memorial , which native name is türk şehitleri anıtı , has been dedicated to ottoman army soldiers killed in the battle of baku .	Baku_Turkish_Martyrs_Memorial dedicatedTo "Ottoman_Army_soldiers_killed_in_the_Battle_of_Baku" . Baku_Turkish_Martyrs_Memorial nativeName "Türk_Şehitleri_Anıtı" .
Id226	Id1	Monument	2	attacl	the baku turkish martyrs ' memorial , which native name is türk şehitleri anıtı , has been dedicated to ottoman army soldiers killed in the battle of baku .	Baku_Turkish_Martyrs_Memorial dedicatedTo "Ottoman_Army_soldiers_killed_in_the_Battle_of_Baku" . Baku_Turkish_Martyrs_Memorial nativeName "Türk_Şehitleri_Anıtı" .
Id226	Id1	Monument	2	attcopy	the baku turkish martyr 's memorial , which native name is türk şehitleri anıtı , has been dedicated to ottoman army soldiers killed in the battle of baku .	Baku_Turkish_Martyrs_Memorial dedicatedTo "Ottoman_Army_soldiers_killed_in_the_Battle_of_Baku" . Baku_Turkish_Martyrs_Memorial nativeName "Türk_Şehitleri_Anıtı" .
Id226	Id1	Monument	2	profilereg	the baku turkish martyrs ' memorial , which native name is türk şehitleri anıtı , has been dedicated to ottoman army soldiers killed in the battle of baku .	Baku_Turkish_Martyrs_Memorial dedicatedTo "Ottoman_Army_soldiers_killed_in_the_Battle_of_Baku" . Baku_Turkish_Martyrs_Memorial nativeName "Türk_Şehitleri_Anıtı" .
Id230	Id1	City	2	only	amarillo , texas is part of texas in united states .	Amarillo,_Texas country United_States . Amarillo,_Texas isPartOf Texas .
Id230	Id1	City	2	attacl	amarillo is part of texas in the united states .	Amarillo,_Texas country United_States . Amarillo,_Texas isPartOf Texas .
Id230	Id1	City	2	attcopy	amarillo texas is part of texas in the united states .	Amarillo,_Texas country United_States . Amarillo,_Texas isPartOf Texas .
Id230	Id1	City	2	profilereg	amarillo is part of texas in the united states .	Amarillo,_Texas country United_States . Amarillo,_Texas isPartOf Texas .
Id269	Id1	Food	2	only	barny cakes can be found in france where the leader is claude bartolone .	Barny_Cakes country France . France leaderName Claude_Bartolone .
Id269	Id1	Food	2	attacl	barny cakes can be found in france where the leader is claude bartolone .	Barny_Cakes country France . France leaderName Claude_Bartolone .
Id269	Id1	Food	2	attcopy	barny cakes can be found in france where the leader is claude bartolone .	Barny_Cakes country France . France leaderName Claude_Bartolone .
Id269	Id1	Food	2	profilereg	barny cakes can be found in france where the leader is claude bartolone .	Barny_Cakes country France . France leaderName Claude_Bartolone .
Id291	Id1	Airport	2	only	united states air force operates al asad airbase and has previously fought in invasion of grenada .	United_States_Air_Force battles Invasion_of_Grenada . Al_Asad_Airbase operatingOrganisation United_States_Air_Force .
Id291	Id1	Airport	2	attacl	the united states air force operates al asad airbase and has previously fought in the invasion of grenada .	United_States_Air_Force battles Invasion_of_Grenada . Al_Asad_Airbase operatingOrganisation United_States_Air_Force .
Id291	Id1	Airport	2	attcopy	the united states air force operates al asad airbase and has previously fought in the invasion of grenada .	United_States_Air_Force battles Invasion_of_Grenada . Al_Asad_Airbase operatingOrganisation United_States_Air_Force .
Id291	Id1	Airport	2	profilereg	the united states air force operates al asad airbase and has previously fought in the invasion of grenada .	United_States_Air_Force battles Invasion_of_Grenada . Al_Asad_Airbase operatingOrganisation United_States_Air_Force .
Id325	Id1	SportsTeam	2	only	azal arena is the ground of azal pfk which is located in shuvalan, baku, azerbaijan .	AZAL_PFK ground AZAL_Arena . AZAL_PFK location "Shuvalan,_Baku,_Azerbaijan" .
Id325	Id1	SportsTeam	2	attacl	azal arena is the ground of azal pfk which is located in shuvalan, baku, azerbaijan .	AZAL_PFK ground AZAL_Arena . AZAL_PFK location "Shuvalan,_Baku,_Azerbaijan" .
Id325	Id1	SportsTeam	2	attcopy	azal arena is the ground of azal pfk which is located in shuvalan, baku, azerbaijan .	AZAL_PFK ground AZAL_Arena . AZAL_PFK location "Shuvalan,_Baku,_Azerbaijan" .
Id325	Id1	SportsTeam	2	profilereg	azal arena is the ground of azal pfk which is located in shuvalan, baku, azerbaijan .	AZAL_PFK ground AZAL_Arena . AZAL_PFK location "Shuvalan,_Baku,_Azerbaijan" .
Id350	Id1	WrittenWork	2	only	1634 : the ram rebellion comes from united states where the capital is washington , d.c . .	United_States capital Washington,_D.C. . 1634:_The_Ram_Rebellion country United_States .
Id350	Id1	WrittenWork	2	attacl	1634 the ram rebellion comes from the united states where the capital is washington , d.c . .	United_States capital Washington,_D.C. . 1634:_The_Ram_Rebellion country United_States .
Id350	Id1	WrittenWork	2	attcopy	1634 the ram rebellion comes from the united states where the capital is washington , d.c . .	United_States capital Washington,_D.C. . 1634:_The_Ram_Rebellion country United_States .
Id350	Id1	WrittenWork	2	profilereg	1634 the ram rebellion comes from the united states where the capital is washington d.c . .	United_States capital Washington,_D.C. . 1634:_The_Ram_Rebellion country United_States .
Id358	Id1	University	2	only	all india council for technical education which is located in mumbai , gave the status of  technical campus  to acharya institute of technology .	All_India_Council_for_Technical_Education location Mumbai . Acharya_Institute_of_Technology was_given_the_'Technical_Campus'_status_by All_India_Council_for_Technical_Education .
Id358	Id1	University	2	attacl	the all india council for technical education which is located in mumbai , gave the status of  technical campus  to the acharya institute of technology .	All_India_Council_for_Technical_Education location Mumbai . Acharya_Institute_of_Technology was_given_the_'Technical_Campus'_status_by All_India_Council_for_Technical_Education .
Id358	Id1	University	2	attcopy	the all india council for technical education which is located in mumbai , gave the status of  technical campus  to acharya acharya of technology .	All_India_Council_for_Technical_Education location Mumbai . Acharya_Institute_of_Technology was_given_the_'Technical_Campus'_status_by All_India_Council_for_Technical_Education .
Id358	Id1	University	2	profilereg	the all india council for technical education which is located in mumbai , gave the status of  technical campus  to the acharya institute of technology .	All_India_Council_for_Technical_Education location Mumbai . Acharya_Institute_of_Technology was_given_the_'Technical_Campus'_status_by All_India_Council_for_Technical_Education .
Id366	Id1	ComicsCharacter	2	only	baymax , created by steven t. seagle , is a character in big hero 6 ( film ) .	Baymax creator Steven_T._Seagle . Baymax series Big_Hero_6_(film) .
Id366	Id1	ComicsCharacter	2	attacl	baymax , created by steven t. seagle , is a character in big hero 6 .	Baymax creator Steven_T._Seagle . Baymax series Big_Hero_6_(film) .
Id366	Id1	ComicsCharacter	2	attcopy	baymax , created by steven t. seagle , is a character in big hero 6 .	Baymax creator Steven_T._Seagle . Baymax series Big_Hero_6_(film) .
Id366	Id1	ComicsCharacter	2	profilereg	the character of of comic character , created by steven t seagle , is a character in big hero 6 .	Baymax creator Steven_T._Seagle . Baymax series Big_Hero_6_(film) .
Id372	Id1	Astronaut	2	only	buzz aldrin was born on 1930-01-20 in glen ridge , new jersey .	Buzz_Aldrin birthDate "1930-01-20" . Buzz_Aldrin birthPlace Glen_Ridge,_New_Jersey .
Id372	Id1	Astronaut	2	attacl	buzz aldrin was born on 1930-01-20 in glen ridge , new jersey .	Buzz_Aldrin birthDate "1930-01-20" . Buzz_Aldrin birthPlace Glen_Ridge,_New_Jersey .
Id372	Id1	Astronaut	2	attcopy	buzz aldrin was born on 1930-01-20 in glen ridge , new jersey .	Buzz_Aldrin birthDate "1930-01-20" . Buzz_Aldrin birthPlace Glen_Ridge,_New_Jersey .
Id372	Id1	Astronaut	2	profilereg	buzz aldrin was born on 1930-01-20 in glen ridge , new jersey .	Buzz_Aldrin birthDate "1930-01-20" . Buzz_Aldrin birthPlace Glen_Ridge,_New_Jersey .
Id392	Id1	Building	2	only	ampara hospital is in eastern province , sri lanka whose leader is austin fernando .	Eastern_Province,_Sri_Lanka leaderName Austin_Fernando . Ampara_Hospital state Eastern_Province,_Sri_Lanka .
Id392	Id1	Building	2	attacl	ampara hospital is in eastern province whose leader is austin fernando .	Eastern_Province,_Sri_Lanka leaderName Austin_Fernando . Ampara_Hospital state Eastern_Province,_Sri_Lanka .
Id392	Id1	Building	2	attcopy	ampara hospital is in eastern eastern province , lanka whose leader is austin fernando .	Eastern_Province,_Sri_Lanka leaderName Austin_Fernando . Ampara_Hospital state Eastern_Province,_Sri_Lanka .
Id392	Id1	Building	2	profilereg	ampara hospital is in eastern province whose leader is austin fernando .	Eastern_Province,_Sri_Lanka leaderName Austin_Fernando . Ampara_Hospital state Eastern_Province,_Sri_Lanka .
Id402	Id1	Astronaut	3	only	elliot see , a past graduate of university of texas at austin , died in st. louis where the leader is francis g. slay .	Elliot_See almaMater University_of_Texas_at_Austin . Elliot_See deathPlace St._Louis . St._Louis leaderName Francis_G._Slay .
Id402	Id1	Astronaut	3	attacl	elliot see , a past graduate of the university of texas at austin , died in st. louis where the leader is francis g. slay .	Elliot_See almaMater University_of_Texas_at_Austin . Elliot_See deathPlace St._Louis . St._Louis leaderName Francis_G._Slay .
Id402	Id1	Astronaut	3	attcopy	elliot see , a past graduate of the university of texas at austin , died in st. louis where the leader is francis g. slay .	Elliot_See almaMater University_of_Texas_at_Austin . Elliot_See deathPlace St._Louis . St._Louis leaderName Francis_G._Slay .
Id402	Id1	Astronaut	3	profilereg	elliot see , a past graduate of the university of texas at austin , died in st louis where the leader is francis g. slay .	Elliot_See almaMater University_of_Texas_at_Austin . Elliot_See deathPlace St._Louis . St._Louis leaderName Francis_G._Slay .
Id430	Id1	WrittenWork	3	only	a severed wasp is from united states , whose capital is washington , d.c . , and which counts native americans in the united states among united states ethnic groups .	United_States capital Washington,_D.C. . A_Severed_Wasp country United_States . United_States ethnicGroup Native_Americans_in_the_United_States .
Id430	Id1	WrittenWork	3	attacl	a severed wasp is from the united states , whose capital is washington , d.c . , and which counts native americans in the the united states among the united states ethnic groups .	United_States capital Washington,_D.C. . A_Severed_Wasp country United_States . United_States ethnicGroup Native_Americans_in_the_United_States .
Id430	Id1	WrittenWork	3	attcopy	a severed wasp is from the united states , whose capital is washington dc , and which counts native americans in the the united states among the united states ethnic groups .	United_States capital Washington,_D.C. . A_Severed_Wasp country United_States . United_States ethnicGroup Native_Americans_in_the_United_States .
Id430	Id1	WrittenWork	3	profilereg	a severed wasp is from the united states , whose capital is washington d.c . , and which counts native americans in the the united states among the united states ethnic groups .	United_States capital Washington,_D.C. . A_Severed_Wasp country United_States . United_States ethnicGroup Native_Americans_in_the_United_States .
Id451	Id1	SportsTeam	3	only	john van den brom manages az alkmaar and is in the jong ajax club . john van den brom currently plays for i̇stanbulspor a.ş . .	John_van_den_Brom club Jong_Ajax . John_van_den_Brom club İstanbulspor_A.Ş. . AZ_Alkmaar manager John_van_den_Brom .
Id451	Id1	SportsTeam	3	attacl	john van den brom manages az alkmaar and is in the jong ajax club . john van den brom currently plays for istanbulspor calcio .	John_van_den_Brom club Jong_Ajax . John_van_den_Brom club İstanbulspor_A.Ş. . AZ_Alkmaar manager John_van_den_Brom .
Id451	Id1	SportsTeam	3	attcopy	john van den brom manages the az alkmaair and is in the jong ajax club . john van den brom currently plays for istanbulspor a.ş .	John_van_den_Brom club Jong_Ajax . John_van_den_Brom club İstanbulspor_A.Ş. . AZ_Alkmaar manager John_van_den_Brom .
Id451	Id1	SportsTeam	3	profilereg	john van den brom manages az alkmaar and is in the jong ajax club . john van den brom currently plays for istanbulspor a.s .	John_van_den_Brom club Jong_Ajax . John_van_den_Brom club İstanbulspor_A.Ş. . AZ_Alkmaar manager John_van_den_Brom .
Id480	Id1	Building	3	only	anandiben patel is the leader of gujarat , the location of amdavad ni gufa in ahmedabad .	Gujarat leaderName Anandiben_Patel . Amdavad_ni_Gufa location Ahmedabad . Amdavad_ni_Gufa location Gujarat .
Id480	Id1	Building	3	attacl	anandiben patel is the leader of gujarat , the location of amdavad ni gufa in ahmedabad .	Gujarat leaderName Anandiben_Patel . Amdavad_ni_Gufa location Ahmedabad . Amdavad_ni_Gufa location Gujarat .
Id480	Id1	Building	3	attcopy	anandiben patel is the leader of gujarat , the location of amdavad ni gufa in ahmedabad .	Gujarat leaderName Anandiben_Patel . Amdavad_ni_Gufa location Ahmedabad . Amdavad_ni_Gufa location Gujarat .
Id480	Id1	Building	3	profilereg	patel patel is the leader of gujarat , the location of ni the in ahmedabad .	Gujarat leaderName Anandiben_Patel . Amdavad_ni_Gufa location Ahmedabad . Amdavad_ni_Gufa location Gujarat .
Id510	Id1	City	3	only	united states includes the african americans ethnic group , uses english language and is the location of albany , georgia .	Albany,_Georgia country United_States . United_States ethnicGroup African_Americans . United_States language English_language .
Id510	Id1	City	3	attacl	the united states includes the african americans ethnic group , uses the english language and is the location of albany .	Albany,_Georgia country United_States . United_States ethnicGroup African_Americans . United_States language English_language .
Id510	Id1	City	3	attcopy	the united states includes the african americans ethnic group , uses the english language and is the location of albany , georgia .	Albany,_Georgia country United_States . United_States ethnicGroup African_Americans . United_States language English_language .
Id510	Id1	City	3	profilereg	the united states includes the african american ethnic group , uses english and is the location of albany , georgia .	Albany,_Georgia country United_States . United_States ethnicGroup African_Americans . United_States language English_language .
Id527	Id1	Airport	3	only	antwerp international airport serves the city of antwerp which is in belgium and one of the spoken languages is german language .	Antwerp_International_Airport cityServed Antwerp . Antwerp country Belgium . Belgium language German_language .
Id527	Id1	Airport	3	attacl	antwerp international airport serves the city of antwerp which is in belgium and one of the spoken languages is german .	Antwerp_International_Airport cityServed Antwerp . Antwerp country Belgium . Belgium language German_language .
Id527	Id1	Airport	3	attcopy	antwerp international airport serves the city of antwerp which is in belgium and one of the spoken languages is german .	Antwerp_International_Airport cityServed Antwerp . Antwerp country Belgium . Belgium language German_language .
Id527	Id1	Airport	3	profilereg	antwerp international airport serves the city of antwerp which is in belgium and one of the spoken languages is german .	Antwerp_International_Airport cityServed Antwerp . Antwerp country Belgium . Belgium language German_language .
Id536	Id1	Monument	3	only	11th mississippi infantry monument is located in gettysburg , pennsylvania , in adams county , pennsylvania , which has carroll county , maryland to 11th mississippi infantry monument southeast .	Adams_County,_Pennsylvania has_to_its_southeast Carroll_County,_Maryland . 11th_Mississippi_Infantry_Monument location Adams_County,_Pennsylvania . 11th_Mississippi_Infantry_Monument municipality Gettysburg,_Pennsylvania .
Id536	Id1	Monument	3	attacl	the 11th mississippi infantry monument is located in gettysburg , in adams county , pennsylvania , which has carroll county to the 11th mississippi infantry monument southeast .	Adams_County,_Pennsylvania has_to_its_southeast Carroll_County,_Maryland . 11th_Mississippi_Infantry_Monument location Adams_County,_Pennsylvania . 11th_Mississippi_Infantry_Monument municipality Gettysburg,_Pennsylvania .
Id536	Id1	Monument	3	attcopy	the 11th mississippi infantry monument is located in gettysburg , in adams county , pennsylvania , which has carrol county maryland to the 11th mississippi infantry monument southeast .	Adams_County,_Pennsylvania has_to_its_southeast Carroll_County,_Maryland . 11th_Mississippi_Infantry_Monument location Adams_County,_Pennsylvania . 11th_Mississippi_Infantry_Monument municipality Gettysburg,_Pennsylvania .
Id536	Id1	Monument	3	profilereg	the 11th mississippi infantry monument is located in gettysburg , in adams county , pennsylvania , which has carrol county to the 11th mississippi infantry monument southeast .	Adams_County,_Pennsylvania has_to_its_southeast Carroll_County,_Maryland . 11th_Mississippi_Infantry_Monument location Adams_County,_Pennsylvania . 11th_Mississippi_Infantry_Monument municipality Gettysburg,_Pennsylvania .
Id567	Id1	Food	3	only	bhajji comes from the country india , which leader is sumitra mahajan and india currency is indian rupee .	Bhajji country India . India currency Indian_rupee . India leaderName Sumitra_Mahajan .
Id567	Id1	Food	3	attacl	bhajji comes from the country india , which leader is sumitra mahajan and india 's currency is the indian rupee .	Bhajji country India . India currency Indian_rupee . India leaderName Sumitra_Mahajan .
Id567	Id1	Food	3	attcopy	bhajji comes from the country india , which leader is sumitra mahajan and india 's currency is the indian rupee .	Bhajji country India . India currency Indian_rupee . India leaderName Sumitra_Mahajan .
Id567	Id1	Food	3	profilereg	the dish comes from the country india , which leader is sumitra mahajan and its currency is the indian rupee .	Bhajji country India . India currency Indian_rupee . India leaderName Sumitra_Mahajan .
Id583	Id1	University	3	only	1 decembrie 1918 university is in romania . romania is led by klaus iohannis , a member of germans of romania .	1_Decembrie_1918_University country Romania . Romania ethnicGroup Germans_of_Romania . Romania leaderName Klaus_Iohannis .
Id583	Id1	University	3	attacl	1 decembrie 1918 university is in romania . romania is led by klaus iohannis , a member of germans of romania .	1_Decembrie_1918_University country Romania . Romania ethnicGroup Germans_of_Romania . Romania leaderName Klaus_Iohannis .
Id583	Id1	University	3	attcopy	1 decembrie 1918 university is in romania . the country is led by klaus iohannis , a member of germans of romania .	1_Decembrie_1918_University country Romania . Romania ethnicGroup Germans_of_Romania . Romania leaderName Klaus_Iohannis .
Id583	Id1	University	3	profilereg	1 1918 1918 university is in romania . romania is led by klaus iohannis , a member of germans of romania .	1_Decembrie_1918_University country Romania . Romania ethnicGroup Germans_of_Romania . Romania leaderName Klaus_Iohannis .
Id586	Id1	ComicsCharacter	3	only	asterix ( comicscharacter ) was created by albert uderzo and rené goscinny who is a french people national .	Asterix_(comicsCharacter) creator Albert_Uderzo . Asterix_(comicsCharacter) creator René_Goscinny . René_Goscinny nationality French_people .
Id586	Id1	ComicsCharacter	3	attacl	the comic character asterix was created by albert uderzo and rene goscinny who is a french national .	Asterix_(comicsCharacter) creator Albert_Uderzo . Asterix_(comicsCharacter) creator René_Goscinny . René_Goscinny nationality French_people .
Id586	Id1	ComicsCharacter	3	attcopy	asterix ( comics character ) was created by albert uderzo and rené goscinny who is a french national .	Asterix_(comicsCharacter) creator Albert_Uderzo . Asterix_(comicsCharacter) creator René_Goscinny . René_Goscinny nationality French_people .
Id586	Id1	ComicsCharacter	3	profilereg	the comic character asterix was created by albert uderzo and rene goscinny who is a french national .	Asterix_(comicsCharacter) creator Albert_Uderzo . Asterix_(comicsCharacter) creator René_Goscinny . René_Goscinny nationality French_people .
Id604	Id1	Building	4	only	akita museum of art is an art museum in the japan city of akita , akita on akita prefecture . japan is diverse with a number of ethnic groups including filipinos in japan .	Akita_Museum_of_Art country Japan . Japan ethnicGroup Filipinos_in_Japan . Akita,_Akita isPartOf Akita_Prefecture . Akita_Museum_of_Art location Akita,_Akita .
Id604	Id1	Building	4	attacl	akita museum of art is an art museum in the japan city of akita , akita on akita prefecture . japan is diverse with a number of ethnic groups including filipinos .	Akita_Museum_of_Art country Japan . Japan ethnicGroup Filipinos_in_Japan . Akita,_Akita isPartOf Akita_Prefecture . Akita_Museum_of_Art location Akita,_Akita .
Id604	Id1	Building	4	attcopy	akita akita of art is an art museum in the japan city of akita , akita on akita prefecture . japan is diverse with a number of ethnic groups including filipinos .	Akita_Museum_of_Art country Japan . Japan ethnicGroup Filipinos_in_Japan . Akita,_Akita isPartOf Akita_Prefecture . Akita_Museum_of_Art location Akita,_Akita .
Id604	Id1	Building	4	profilereg	akita museum of art is an art museum in the japan city of akita , akita on akita prefecture . turkish is diverse with a number of ethnic groups including filipinos .	Akita_Museum_of_Art country Japan . Japan ethnicGroup Filipinos_in_Japan . Akita,_Akita isPartOf Akita_Prefecture . Akita_Museum_of_Art location Akita,_Akita .
Id622	Id1	Monument	4	only	baku turkish martyrs memorial in azerbaijan , which has baku as azerbaijan capital , is dedicated to ottoman army soldiers killed in the battle of baku and is known locally as türk şehitleri anıtı .	Azerbaijan capital Baku . Baku_Turkish_Martyrs_Memorial dedicatedTo "Ottoman_Army_soldiers_killed_in_the_Battle_of_Baku" . Baku_Turkish_Martyrs_Memorial location Azerbaijan . Baku_Turkish_Martyrs_Memorial nativeName "Türk_Şehitleri_Anıtı" .
Id622	Id1	Monument	4	attacl	the baku turkish martyrs ' memorial in azerbaijan , which has baku as its capital , is dedicated to ottoman army soldiers killed in the battle of baku and is known locally as türk şehitleri anıtı .	Azerbaijan capital Baku . Baku_Turkish_Martyrs_Memorial dedicatedTo "Ottoman_Army_soldiers_killed_in_the_Battle_of_Baku" . Baku_Turkish_Martyrs_Memorial location Azerbaijan . Baku_Turkish_Martyrs_Memorial nativeName "Türk_Şehitleri_Anıtı" .
Id622	Id1	Monument	4	attcopy	the baku turkish martyrs ' memorial in azerbaijan , which has baku as its capital , is dedicated to ottoman army soldiers killed in the battle of baku and is known locally as türk şehitleri anıtı .	Azerbaijan capital Baku . Baku_Turkish_Martyrs_Memorial dedicatedTo "Ottoman_Army_soldiers_killed_in_the_Battle_of_Baku" . Baku_Turkish_Martyrs_Memorial location Azerbaijan . Baku_Turkish_Martyrs_Memorial nativeName "Türk_Şehitleri_Anıtı" .
Id622	Id1	Monument	4	profilereg	the baku turkish martyrs ' memorial in azerbaijan , which has baku as its capital , is dedicated to ottoman army soldiers killed in the battle of baku and is known locally as türk şehitleri anıtı .	Azerbaijan capital Baku . Baku_Turkish_Martyrs_Memorial dedicatedTo "Ottoman_Army_soldiers_killed_in_the_Battle_of_Baku" . Baku_Turkish_Martyrs_Memorial location Azerbaijan . Baku_Turkish_Martyrs_Memorial nativeName "Türk_Şehitleri_Anıtı" .
Id646	Id1	City	4	only	new york city is the largest city in united states although the capital is washington , d.c . . atlantic city , new jersey , part of new jersey , is located within united states .	United_States capital Washington,_D.C. . New_Jersey country United_States . Atlantic_City,_New_Jersey isPartOf New_Jersey . United_States largestCity New_York_City .
Id646	Id1	City	4	attacl	new york city is the largest city in the united states although the capital is washington dc . atlantic city , part of new jersey , is located within the united states .	United_States capital Washington,_D.C. . New_Jersey country United_States . Atlantic_City,_New_Jersey isPartOf New_Jersey . United_States largestCity New_York_City .
Id646	Id1	City	4	attcopy	new york city is the largest city in the united states although the capital is washington dc . atlantic city , part of new jersey , is located within the united states .	United_States capital Washington,_D.C. . New_Jersey country United_States . Atlantic_City,_New_Jersey isPartOf New_Jersey . United_States largestCity New_York_City .
Id646	Id1	City	4	profilereg	new york city is the largest city in the united states although the capital is washington dc . atlantic city , new jersey , part of n.j . , is located within the united states .	United_States capital Washington,_D.C. . New_Jersey country United_States . Atlantic_City,_New_Jersey isPartOf New_Jersey . United_States largestCity New_York_City .
Id666	Id1	SportsTeam	4	only	john van den brom , manager for az alkmaar , play for vitesse arnhem and afc ajax , and has played for netherlands national football team .	John_van_den_Brom club AFC_Ajax . John_van_den_Brom club Netherlands_national_football_team . John_van_den_Brom club Vitesse_Arnhem . AZ_Alkmaar manager John_van_den_Brom .
Id666	Id1	SportsTeam	4	attacl	john van den brom , manager for az alkmaar , play for vitesse arnhem and afc ajax , and has played for the netherlands national football team .	John_van_den_Brom club AFC_Ajax . John_van_den_Brom club Netherlands_national_football_team . John_van_den_Brom club Vitesse_Arnhem . AZ_Alkmaar manager John_van_den_Brom .
Id666	Id1	SportsTeam	4	attcopy	john van den brom , manager for az alkmaar , play for vitesse arnhem and afc ajax , and has played for the netherlands national football team .	John_van_den_Brom club AFC_Ajax . John_van_den_Brom club Netherlands_national_football_team . John_van_den_Brom club Vitesse_Arnhem . AZ_Alkmaar manager John_van_den_Brom .
Id666	Id1	SportsTeam	4	profilereg	john van den brom , manager for az alkmaar , play for vitesse arnhem and afc ajax , and has played for the netherlands national football team .	John_van_den_Brom club AFC_Ajax . John_van_den_Brom club Netherlands_national_football_team . John_van_den_Brom club Vitesse_Arnhem . AZ_Alkmaar manager John_van_den_Brom .
Id680	Id1	Airport	4	only	allama iqbal international airport in pakistan serves the city of lahore , has a runway length of 2900.0 . 0 and is operated by pakistan civil aviation authority .	Allama_Iqbal_International_Airport cityServed Lahore . Allama_Iqbal_International_Airport location Pakistan . Allama_Iqbal_International_Airport operatingOrganisation Pakistan_Civil_Aviation_Authority . Allama_Iqbal_International_Airport runwayLength 2900.0 .
Id680	Id1	Airport	4	attacl	allama iqbal international airport in pakistan serves the city of lahore , has a runway length of 2900.0 . 0 and is operated by the pakistan civil aviation authority .	Allama_Iqbal_International_Airport cityServed Lahore . Allama_Iqbal_International_Airport location Pakistan . Allama_Iqbal_International_Airport operatingOrganisation Pakistan_Civil_Aviation_Authority . Allama_Iqbal_International_Airport runwayLength 2900.0 .
Id680	Id1	Airport	4	attcopy	allama iqbal international airport in pakistan serves the city of lahore , has a runway length of 2900.0 . 0 and is operated by the pakistan civil aviation authority .	Allama_Iqbal_International_Airport cityServed Lahore . Allama_Iqbal_International_Airport location Pakistan . Allama_Iqbal_International_Airport operatingOrganisation Pakistan_Civil_Aviation_Authority . Allama_Iqbal_International_Airport runwayLength 2900.0 .
Id680	Id1	Airport	4	profilereg	allama iqbal international airport in pakistan serves the city of lahore , has a runway length of 2900.0 . 0 and is operated by the pakistan civil aviation authority .	Allama_Iqbal_International_Airport cityServed Lahore . Allama_Iqbal_International_Airport location Pakistan . Allama_Iqbal_International_Airport operatingOrganisation Pakistan_Civil_Aviation_Authority . Allama_Iqbal_International_Airport runwayLength 2900.0 .
Id701	Id1	ComicsCharacter	4	only	baymax is a character which was created by americans duncan rouleau and featured in big hero 6 ( film ) ( starring ryan potter ) .	Baymax creator Duncan_Rouleau . Duncan_Rouleau nationality Americans . Baymax series Big_Hero_6_(film) . Big_Hero_6_(film) starring Ryan_Potter .
Id701	Id1	ComicsCharacter	4	attacl	baymax is a character which was created by american duncan rouleau and featured in big hero 6 ( starring ryan potter ) .	Baymax creator Duncan_Rouleau . Duncan_Rouleau nationality Americans . Baymax series Big_Hero_6_(film) . Big_Hero_6_(film) starring Ryan_Potter .
Id701	Id1	ComicsCharacter	4	attcopy	baymax is a character which was created by american duncan rouleau and featured in big hero 6 ( starring ryan potter ) .	Baymax creator Duncan_Rouleau . Duncan_Rouleau nationality Americans . Baymax series Big_Hero_6_(film) . Big_Hero_6_(film) starring Ryan_Potter .
Id701	Id1	ComicsCharacter	4	profilereg	the character of of comic character is a character which was created by american duncan rouleau and featured in big hero 6 ( starring ryan potter ) .	Baymax creator Duncan_Rouleau . Duncan_Rouleau nationality Americans . Baymax series Big_Hero_6_(film) . Big_Hero_6_(film) starring Ryan_Potter .
Id712	Id1	WrittenWork	4	only	acta palaeontologica polonica has a lccn number of 60040714 and comes under the academic discipline of paleobiology . acta palaeontologica polonica has the abbreviated name of acta palaeontol. pol. and the issn number 0567-7920 .	Acta_Palaeontologica_Polonica ISSN_number "0567-7920" . Acta_Palaeontologica_Polonica LCCN_number 60040714 . Acta_Palaeontologica_Polonica abbreviation "Acta_Palaeontol._Pol." . Acta_Palaeontologica_Polonica academicDiscipline Paleobiology .
Id712	Id1	WrittenWork	4	attacl	acta palaeontologica polonica has a lccn number of 60040714 and comes under the academic discipline of paleobiology . acta palaeontologica polonica has the abbreviated name of acta palaeontol. pol. and the issn number 0567-7920 .	Acta_Palaeontologica_Polonica ISSN_number "0567-7920" . Acta_Palaeontologica_Polonica LCCN_number 60040714 . Acta_Palaeontologica_Polonica abbreviation "Acta_Palaeontol._Pol." . Acta_Palaeontologica_Polonica academicDiscipline Paleobiology .
Id712	Id1	WrittenWork	4	attcopy	acta palaeontologica polonica has a lccn number of 60040714 and comes under the academic discipline of paleobiology . acta palaeontologica polonica has the abbreviated name of acta palaeontol. pol. and the issn number 0567-7920 .	Acta_Palaeontologica_Polonica ISSN_number "0567-7920" . Acta_Palaeontologica_Polonica LCCN_number 60040714 . Acta_Palaeontologica_Polonica abbreviation "Acta_Palaeontol._Pol." . Acta_Palaeontologica_Polonica academicDiscipline Paleobiology .
Id712	Id1	WrittenWork	4	profilereg	acta palaeontological polonica has a lccn number of 60040714 and comes under the academic discipline of paleobiology . acta polonica polonica has the abbreviated name of acta palaeontol. pol. and the issn number 0567-7920 .	Acta_Palaeontologica_Polonica ISSN_number "0567-7920" . Acta_Palaeontologica_Polonica LCCN_number 60040714 . Acta_Palaeontologica_Polonica abbreviation "Acta_Palaeontol._Pol." . Acta_Palaeontologica_Polonica academicDiscipline Paleobiology .
Id732	Id1	Astronaut	4	only	elliot see was a national of united states . elliot see was born in dallas and attended university of texas at austin . elliot see died in st. louis .	Elliot_See almaMater University_of_Texas_at_Austin . Elliot_See birthPlace Dallas . Elliot_See deathPlace St._Louis . Elliot_See nationality United_States .
Id732	Id1	Astronaut	4	attacl	elliot see was a national of the united states . he was born in dallas and attended the university of texas at austin . he died in st. louis .	Elliot_See almaMater University_of_Texas_at_Austin . Elliot_See birthPlace Dallas . Elliot_See deathPlace St._Louis . Elliot_See nationality United_States .
Id732	Id1	Astronaut	4	attcopy	elliot see was a national of the united states . he was born in dallas and attended the university of texas at austin . he died in st. louis .	Elliot_See almaMater University_of_Texas_at_Austin . Elliot_See birthPlace Dallas . Elliot_See deathPlace St._Louis . Elliot_See nationality United_States .
Id732	Id1	Astronaut	4	profilereg	elliot see was a national of the united states . he was born in dallas and attended the university of texas at austin . he died in st louis .	Elliot_See almaMater University_of_Texas_at_Austin . Elliot_See birthPlace Dallas . Elliot_See deathPlace St._Louis . Elliot_See nationality United_States .
Id737	Id1	University	4	only	acharya institute of technology offers tennis as acharya institute of technology sport and acharya institute of technology was given the  technical campus  status by all india council for technical education ( located in mumbai ) . the sports governing body for tennis is international tennis federation .	All_India_Council_for_Technical_Education location Mumbai . Tennis sportsGoverningBody International_Tennis_Federation . Acharya_Institute_of_Technology sportsOffered Tennis . Acharya_Institute_of_Technology was_given_the_'Technical_Campus'_status_by All_India_Council_for_Technical_Education .
Id737	Id1	University	4	attacl	the acharya institute of technology offers tennis as its sport and it was given the  technical campus  status by the all india council for technical education ( located in mumbai ) . the sports governing body for the tennis is the international tennis federation .	All_India_Council_for_Technical_Education location Mumbai . Tennis sportsGoverningBody International_Tennis_Federation . Acharya_Institute_of_Technology sportsOffered Tennis . Acharya_Institute_of_Technology was_given_the_'Technical_Campus'_status_by All_India_Council_for_Technical_Education .
Id737	Id1	University	4	attcopy	the acharya institute of technology offers tennis as its sport and it was given the  technical campus  status by the all india council for technical education ( located in mumbai ) . the sports governing body for the state is the international tennis federation .	All_India_Council_for_Technical_Education location Mumbai . Tennis sportsGoverningBody International_Tennis_Federation . Acharya_Institute_of_Technology sportsOffered Tennis . Acharya_Institute_of_Technology was_given_the_'Technical_Campus'_status_by All_India_Council_for_Technical_Education .
Id737	Id1	University	4	profilereg	the acharya institute of technology offers tennis as its sport and it was given the  technical campus  status by the all india council for technical education ( located in mumbai ) . the sports governing body for tennis is the international tennis federation .	All_India_Council_for_Technical_Education location Mumbai . Tennis sportsGoverningBody International_Tennis_Federation . Acharya_Institute_of_Technology sportsOffered Tennis . Acharya_Institute_of_Technology was_given_the_'Technical_Campus'_status_by All_India_Council_for_Technical_Education .
Id743	Id1	Food	4	only	amatriciana sauce is a traditional italy sauce from the region of lazio . amatriciana sauce ingredients include tomatoes, guanciale, cheese, olive oil .	Amatriciana_sauce country Italy . Amatriciana_sauce ingredient Tomato . Amatriciana_sauce mainIngredients "Tomatoes,_guanciale,_cheese,_olive_oil" . Amatriciana_sauce region Lazio .
Id743	Id1	Food	4	attacl	amatriciana sauce is a traditional italian sauce from the region of lazio . amatriciana sauce ingredients include tomatoes, guanciale, cheese, olive oil .	Amatriciana_sauce country Italy . Amatriciana_sauce ingredient Tomato . Amatriciana_sauce mainIngredients "Tomatoes,_guanciale,_cheese,_olive_oil" . Amatriciana_sauce region Lazio .
Id743	Id1	Food	4	attcopy	amatriciana sauce is a traditional italian sauce from the region of lazio . amatriciana sauce ingredients include tomatoes, guanciale, cheese, olive oil .	Amatriciana_sauce country Italy . Amatriciana_sauce ingredient Tomato . Amatriciana_sauce mainIngredients "Tomatoes,_guanciale,_cheese,_olive_oil" . Amatriciana_sauce region Lazio .
Id743	Id1	Food	4	profilereg	the dish sauce is a traditional italian sauce from the region of lazio . the dish sauce ingredients include tomatoes, guanciale, cheese, olive oil .	Amatriciana_sauce country Italy . Amatriciana_sauce ingredient Tomato . Amatriciana_sauce mainIngredients "Tomatoes,_guanciale,_cheese,_olive_oil" . Amatriciana_sauce region Lazio .
Id789	Id1	WrittenWork	5	only	into battle ( novel ) is published in australians . into battle ( novel ) is in a series of books including the violet keystone , above the veil , aenir and castle ( novel ) .	Into_Battle_(novel) country Australians . Above_the_Veil followedBy Into_Battle_(novel) . Into_Battle_(novel) followedBy The_Violet_Keystone . Above_the_Veil precededBy Aenir . Aenir precededBy Castle_(novel) .
Id789	Id1	WrittenWork	5	attacl	into battle is published in australia . it is in a series of books including the violet keystone , above the veil , aenir and castle .	Into_Battle_(novel) country Australians . Above_the_Veil followedBy Into_Battle_(novel) . Into_Battle_(novel) followedBy The_Violet_Keystone . Above_the_Veil precededBy Aenir . Aenir precededBy Castle_(novel) .
Id789	Id1	WrittenWork	5	attcopy	into battle is published in australians . the is in a series of books including the violet keystone , above the veil , aenir and castle .	Into_Battle_(novel) country Australians . Above_the_Veil followedBy Into_Battle_(novel) . Into_Battle_(novel) followedBy The_Violet_Keystone . Above_the_Veil precededBy Aenir . Aenir precededBy Castle_(novel) .
Id789	Id1	WrittenWork	5	profilereg	into battle is published in australia . it is in a series of books including the violet keystone , above the veil , a book and castle .	Into_Battle_(novel) country Australians . Above_the_Veil followedBy Into_Battle_(novel) . Into_Battle_(novel) followedBy The_Violet_Keystone . Above_the_Veil precededBy Aenir . Aenir precededBy Castle_(novel) .
Id799	Id1	City	5	only	english language is spoken in texas , united states . austin, texas is the capital of texas , which is also the location of amarillo , texas , potter county , texas .	Texas capital Austin,_Texas . Potter_County,_Texas country United_States . Amarillo,_Texas isPartOf Potter_County,_Texas . Texas language English_language . Potter_County,_Texas state Texas .
Id799	Id1	City	5	attacl	english is spoken in texas , united states . austin, texas is the capital of texas , which is also the location of asherton , texas , the andrews county .	Texas capital Austin,_Texas . Potter_County,_Texas country United_States . Amarillo,_Texas isPartOf Potter_County,_Texas . Texas language English_language . Potter_County,_Texas state Texas .
Id799	Id1	City	5	attcopy	english is spoken in texas , united states . austin, texas is the capital of texas , which is also the location of amarillo texas , potter county .	Texas capital Austin,_Texas . Potter_County,_Texas country United_States . Amarillo,_Texas isPartOf Potter_County,_Texas . Texas language English_language . Potter_County,_Texas state Texas .
Id799	Id1	City	5	profilereg	english is spoken in texas , american . austin, texas is the capital of texas , which is also the location of amarillo , texas , potter county .	Texas capital Austin,_Texas . Potter_County,_Texas country United_States . Amarillo,_Texas isPartOf Potter_County,_Texas . Texas language English_language . Potter_County,_Texas state Texas .
Id826	Id1	Monument	5	only	baku is the capital of azerbaijan where the legislature is national assembly ( azerbaijan ) and the leader is artur rasizade . azerbaijan is the location of baku turkish martyrs memorial which is dedicated to ottoman army soldiers killed in the battle of baku .	Azerbaijan capital Baku . Baku_Turkish_Martyrs_Memorial dedicatedTo "Ottoman_Army_soldiers_killed_in_the_Battle_of_Baku" . Azerbaijan leaderName Artur_Rasizade . Azerbaijan legislature National_Assembly_(Azerbaijan) . Baku_Turkish_Martyrs_Memorial location Azerbaijan .
Id826	Id1	Monument	5	attacl	baku is the capital of azerbaijan where the legislature is the national assembly and the leader is artur rasizade . azerbaijan is the location of the baku turkish martyrs ' memorial which is dedicated to ottoman army soldiers killed in the battle of baku .	Azerbaijan capital Baku . Baku_Turkish_Martyrs_Memorial dedicatedTo "Ottoman_Army_soldiers_killed_in_the_Battle_of_Baku" . Azerbaijan leaderName Artur_Rasizade . Azerbaijan legislature National_Assembly_(Azerbaijan) . Baku_Turkish_Martyrs_Memorial location Azerbaijan .
Id826	Id1	Monument	5	attcopy	baku is the capital of azerbaijan where the legislature is the national assembly and the leader is artur rasizade . azerbaijan is the location of the baku turkish martyrs ' memorial which is dedicated to ottoman army soldiers killed in the battle of baku .	Azerbaijan capital Baku . Baku_Turkish_Martyrs_Memorial dedicatedTo "Ottoman_Army_soldiers_killed_in_the_Battle_of_Baku" . Azerbaijan leaderName Artur_Rasizade . Azerbaijan legislature National_Assembly_(Azerbaijan) . Baku_Turkish_Martyrs_Memorial location Azerbaijan .
Id826	Id1	Monument	5	profilereg	baku is the capital of azerbaijan where the legislature is the national assembly and the leader is artur rasizade . azerbaijan is the location of the baku turkish martyrs ' memorial which is dedicated to ottoman army soldiers killed in the battle of baku .	Azerbaijan capital Baku . Baku_Turkish_Martyrs_Memorial dedicatedTo "Ottoman_Army_soldiers_killed_in_the_Battle_of_Baku" . Azerbaijan leaderName Artur_Rasizade . Azerbaijan legislature National_Assembly_(Azerbaijan) . Baku_Turkish_Martyrs_Memorial location Azerbaijan .
Id832	Id1	University	5	only	awh engineering college in kuttikkattoor , india was established in 2001 and has a staff of 250 . india largest city is mumbai .	AWH_Engineering_College academicStaffSize 250 . AWH_Engineering_College city "Kuttikkattoor" . AWH_Engineering_College country India . AWH_Engineering_College established 2001 . India largestCity Mumbai .
Id832	Id1	University	5	attacl	awh engineering college in kuttikkattoor , india was established in 2001 and has a staff of 250 . it 's largest city is mumbai .	AWH_Engineering_College academicStaffSize 250 . AWH_Engineering_College city "Kuttikkattoor" . AWH_Engineering_College country India . AWH_Engineering_College established 2001 . India largestCity Mumbai .
Id832	Id1	University	5	attcopy	awh engineering college in kuttikkattoor , india was established in 2001 and has a staff of 250 . india 's largest city is mumbai .	AWH_Engineering_College academicStaffSize 250 . AWH_Engineering_College city "Kuttikkattoor" . AWH_Engineering_College country India . AWH_Engineering_College established 2001 . India largestCity Mumbai .
Id832	Id1	University	5	profilereg	the school of business college in kuttikkattoor , india was established in 2001 and has a staff of 250 . its largest city is mumbai .	AWH_Engineering_College academicStaffSize 250 . AWH_Engineering_College city "Kuttikkattoor" . AWH_Engineering_College country India . AWH_Engineering_College established 2001 . India largestCity Mumbai .
Id836	Id1	ComicsCharacter	5	only	baymax was created by americans duncan rouleau and steven t. seagle . baymax is a character in big hero 6 ( film ) which stars alan tudyk .	Baymax creator Duncan_Rouleau . Baymax creator Steven_T._Seagle . Duncan_Rouleau nationality Americans . Baymax series Big_Hero_6_(film) . Big_Hero_6_(film) starring Alan_Tudyk .
Id836	Id1	ComicsCharacter	5	attacl	baymax was created by american american and steven t. seagle . baymax is a character in the film which stars alan tudyk .	Baymax creator Duncan_Rouleau . Baymax creator Steven_T._Seagle . Duncan_Rouleau nationality Americans . Baymax series Big_Hero_6_(film) . Big_Hero_6_(film) starring Alan_Tudyk .
Id836	Id1	ComicsCharacter	5	attcopy	baymax was created by american duncan rouleau and steven t. seagle . baymax is a character in big hero 6 which stars alan tudyk .	Baymax creator Duncan_Rouleau . Baymax creator Steven_T._Seagle . Duncan_Rouleau nationality Americans . Baymax series Big_Hero_6_(film) . Big_Hero_6_(film) starring Alan_Tudyk .
Id836	Id1	ComicsCharacter	5	profilereg	the character of bolt was created by american duncan rouleau and steven t. seagle . the character of of comic character is a character in big hero 6 which stars alan tudyk .	Baymax creator Duncan_Rouleau . Baymax creator Steven_T._Seagle . Duncan_Rouleau nationality Americans . Baymax series Big_Hero_6_(film) . Big_Hero_6_(film) starring Alan_Tudyk .
Id840	Id1	SportsTeam	5	only	gus poyet is in the real zaragoza club and previously played for chelsea f.c . . gus poyet now manages aek athens f.c . who have aek athens f.c . home ground at olympic stadium ( athens ) at marousi .	Gus_Poyet club Chelsea_F.C. . Gus_Poyet club Real_Zaragoza . AEK_Athens_F.C. ground Olympic_Stadium_(Athens) . Olympic_Stadium_(Athens) location Marousi . AEK_Athens_F.C. manager Gus_Poyet .
Id840	Id1	SportsTeam	5	attacl	gus poyet is in the real zaragoza club and previously played for chelsea f.c . gus poyet now manages aek athens who have their home ground at the olympic stadium ( athens ) at marousi in serie county in the character which is a athens .	Gus_Poyet club Chelsea_F.C. . Gus_Poyet club Real_Zaragoza . AEK_Athens_F.C. ground Olympic_Stadium_(Athens) . Olympic_Stadium_(Athens) location Marousi . AEK_Athens_F.C. manager Gus_Poyet .
Id840	Id1	SportsTeam	5	attcopy	gus poyet is in the real zaragoza club and previously played for chelsea f.c . gus poyet now manages aek athens fc who have their home ground at the olympic stadium at marousi .	Gus_Poyet club Chelsea_F.C. . Gus_Poyet club Real_Zaragoza . AEK_Athens_F.C. ground Olympic_Stadium_(Athens) . Olympic_Stadium_(Athens) location Marousi . AEK_Athens_F.C. manager Gus_Poyet .
Id840	Id1	SportsTeam	5	profilereg	gus poyet is in the real zaragoza club and previously played for chelsea fc . gus poyet now manages aek athens fc who have their home ground at the olympic stadium ( athens ) at marousi .	Gus_Poyet club Chelsea_F.C. . Gus_Poyet club Real_Zaragoza . AEK_Athens_F.C. ground Olympic_Stadium_(Athens) . Olympic_Stadium_(Athens) location Marousi . AEK_Athens_F.C. manager Gus_Poyet .
Id846	Id1	Food	5	only	asam pedas is a dish from sumatra in malaysia , the capital of malaysia is kuala lumpur and two of the ethnic group found here are malaysian malay and malaysian indian .	Malaysia capital Kuala_Lumpur . Asam_pedas country Malaysia . Malaysia ethnicGroup Malaysian_Indian . Malaysia ethnicGroup Malaysian_Malay . Asam_pedas region Sumatra .
Id846	Id1	Food	5	attacl	asam pedas is a dish from sumatra in malaysia , the capital of malaysia is kuala lumpur and two of the ethnic group found here are malay and malaysian indian .	Malaysia capital Kuala_Lumpur . Asam_pedas country Malaysia . Malaysia ethnicGroup Malaysian_Indian . Malaysia ethnicGroup Malaysian_Malay . Asam_pedas region Sumatra .
Id846	Id1	Food	5	attcopy	asam pedas is a dish from sumatra in malaysia , the capital of malaysia is kuala lumpur and two of the ethnic group found here are malaysian malay and malaysian cakes .	Malaysia capital Kuala_Lumpur . Asam_pedas country Malaysia . Malaysia ethnicGroup Malaysian_Indian . Malaysia ethnicGroup Malaysian_Malay . Asam_pedas region Sumatra .
Id846	Id1	Food	5	profilereg	asam pedas is a dish from sumatra in malaysia , the capital of malaysia is kuala lumpur and two of the ethnic group found here are malays and malaysian indian .	Malaysia capital Kuala_Lumpur . Asam_pedas country Malaysia . Malaysia ethnicGroup Malaysian_Indian . Malaysia ethnicGroup Malaysian_Malay . Asam_pedas region Sumatra .
Id879	Id1	Astronaut	5	only	buzz aldrin was born on 1930-01-20 . buzz aldrin was a crew member on nasa apollo 11 . the backup pilot for apollo 11 was william anders . buzz aldrin has now retired .	Apollo_11 backup_pilot William_Anders . Buzz_Aldrin birthDate "1930-01-20" . Apollo_11 operator NASA . Buzz_Aldrin status "Retired" . Buzz_Aldrin was_a_crew_member_of Apollo_11 .
Id879	Id1	Astronaut	5	attacl	buzz aldrin was born on 1930-01-20 . buzz aldrin was a crew member on nasa 's apollo 11 . the backup pilot for apollo 11 was william anders . he has now retired .	Apollo_11 backup_pilot William_Anders . Buzz_Aldrin birthDate "1930-01-20" . Apollo_11 operator NASA . Buzz_Aldrin status "Retired" . Buzz_Aldrin was_a_crew_member_of Apollo_11 .
Id879	Id1	Astronaut	5	attcopy	buzz aldrin was born on 1930-01-20 . buzz aldrin was a crew member on nasa 's apollo 11 . the backup pilot for apollo 11 was william anders . he has now retired .	Apollo_11 backup_pilot William_Anders . Buzz_Aldrin birthDate "1930-01-20" . Apollo_11 operator NASA . Buzz_Aldrin status "Retired" . Buzz_Aldrin was_a_crew_member_of Apollo_11 .
Id879	Id1	Astronaut	5	profilereg	buzz aldrin was born on 1930-01-20 . buzz aldrin was a crew member on nasa 's apollo 11 . the backup pilot for apollo 11 was william anders . he has now retired .	Apollo_11 backup_pilot William_Anders . Buzz_Aldrin birthDate "1930-01-20" . Apollo_11 operator NASA . Buzz_Aldrin status "Retired" . Buzz_Aldrin was_a_crew_member_of Apollo_11 .
Id907	Id1	Airport	5	only	iraq is led by haider al-abadi and fuad masum and uses the arabic language . iraq is the location of al-taqaddum air base in fallujah .	Al-Taqaddum_Air_Base cityServed Fallujah . Fallujah country Iraq . Iraq language Arabic . Iraq leaderName Fuad_Masum . Iraq leaderName Haider_al-Abadi .
Id907	Id1	Airport	5	attacl	iraq is led by haider al-abadi and fuad masum and uses the arabic language . iraq is the location of al-taqaddum air base in fallujah .	Al-Taqaddum_Air_Base cityServed Fallujah . Fallujah country Iraq . Iraq language Arabic . Iraq leaderName Fuad_Masum . Iraq leaderName Haider_al-Abadi .
Id907	Id1	Airport	5	attcopy	iraq is led by haider al-abadi and fuad masum and uses the arabic language . iraq is the location of the al taqaddum air base in fallujah .	Al-Taqaddum_Air_Base cityServed Fallujah . Fallujah country Iraq . Iraq language Arabic . Iraq leaderName Fuad_Masum . Iraq leaderName Haider_al-Abadi .
Id907	Id1	Airport	5	profilereg	iraq is led by haider al abadi and fuad masum and uses the arabic language . iraq is the location of al taqaddum air base in fallujah .	Al-Taqaddum_Air_Base cityServed Fallujah . Fallujah country Iraq . Iraq language Arabic . Iraq leaderName Fuad_Masum . Iraq leaderName Haider_al-Abadi .
Id913	Id1	Building	5	only	ac hotel bella sky copenhagen is in denmark where the leader is lars løkke rasmussen and greenlandic language is one of the languages spoken there . the tenant of ac hotel bella sky copenhagen is marriott international which was founded in washington , d.c . .	Marriott_International foundationPlace Washington,_D.C. . Denmark language Greenlandic_language . Denmark leaderName Lars_Løkke_Rasmussen . AC_Hotel_Bella_Sky_Copenhagen location Denmark . AC_Hotel_Bella_Sky_Copenhagen tenant Marriott_International .
Id913	Id1	Building	5	attacl	ac hotel bella sky copenhagen is in denmark where the leader is lars løkke rasmussen and greenlandic is one of the languages spoken there . the tenant of ac hotel bella sky copenhagen is marriott international which was founded in washington dc .	Marriott_International foundationPlace Washington,_D.C. . Denmark language Greenlandic_language . Denmark leaderName Lars_Løkke_Rasmussen . AC_Hotel_Bella_Sky_Copenhagen location Denmark . AC_Hotel_Bella_Sky_Copenhagen tenant Marriott_International .
Id913	Id1	Building	5	attcopy	ac ac bella sky copenhagen is in denmark where the leader is lars lokke rasmussen and greenlandic is one of the languages spoken there . the tenant of ac hotel bella sky copenhagen is marriott international which was founded in washington d.c . .	Marriott_International foundationPlace Washington,_D.C. . Denmark language Greenlandic_language . Denmark leaderName Lars_Løkke_Rasmussen . AC_Hotel_Bella_Sky_Copenhagen location Denmark . AC_Hotel_Bella_Sky_Copenhagen tenant Marriott_International .
Id913	Id1	Building	5	profilereg	ac hotel bella sky copenhagen is in denmark where the leader is lars lokke rasmussen and greenlandic is one of the languages spoken there . the tenant of ac hotel bella sky copenhagen is marriott international which was founded in washington , d.c . .	Marriott_International foundationPlace Washington,_D.C. . Denmark language Greenlandic_language . Denmark leaderName Lars_Løkke_Rasmussen . AC_Hotel_Bella_Sky_Copenhagen location Denmark . AC_Hotel_Bella_Sky_Copenhagen tenant Marriott_International .
Id927	Id1	Monument	6	only	11th mississippi infantry monument is located at seminary ridge , in adams county , pennsylvania , pennsylvania , united states . 11th mississippi infantry monument was completed in 2000 . 11th mississippi infantry monument is classified as contributing property .	11th_Mississippi_Infantry_Monument category Contributing_property . 11th_Mississippi_Infantry_Monument country "United_States" . 11th_Mississippi_Infantry_Monument established 2000 . 11th_Mississippi_Infantry_Monument location Adams_County,_Pennsylvania . 11th_Mississippi_Infantry_Monument location Seminary_Ridge . 11th_Mississippi_Infantry_Monument state "Pennsylvania" .
Id927	Id1	Monument	6	attacl	the 11th mississippi infantry monument is located at the seminary ridge , in adams county , pennsylvania , united states . the 11th mississippi infantry monument was completed in 2000 . the 11th mississippi infantry monument is classified as a contributing property .	11th_Mississippi_Infantry_Monument category Contributing_property . 11th_Mississippi_Infantry_Monument country "United_States" . 11th_Mississippi_Infantry_Monument established 2000 . 11th_Mississippi_Infantry_Monument location Adams_County,_Pennsylvania . 11th_Mississippi_Infantry_Monument location Seminary_Ridge . 11th_Mississippi_Infantry_Monument state "Pennsylvania" .
Id927	Id1	Monument	6	attcopy	the 11th mississippi infantry monument is located at the ridge ridge , in adams county , pennsylvania , united states . the 11th mississippi infantry monument was completed in 2000 . the 11th mississippi infantry monument is classified as a contributing property .	11th_Mississippi_Infantry_Monument category Contributing_property . 11th_Mississippi_Infantry_Monument country "United_States" . 11th_Mississippi_Infantry_Monument established 2000 . 11th_Mississippi_Infantry_Monument location Adams_County,_Pennsylvania . 11th_Mississippi_Infantry_Monument location Seminary_Ridge . 11th_Mississippi_Infantry_Monument state "Pennsylvania" .
Id927	Id1	Monument	6	profilereg	the 11th mississippi infantry monument is located at seminary ridge , in adams county , pennsylvania , united states . the 11th mississippi infantry monument was completed in 2000 . the 11th mississippi infantry monument is classified as a contributing property .	11th_Mississippi_Infantry_Monument category Contributing_property . 11th_Mississippi_Infantry_Monument country "United_States" . 11th_Mississippi_Infantry_Monument established 2000 . 11th_Mississippi_Infantry_Monument location Adams_County,_Pennsylvania . 11th_Mississippi_Infantry_Monument location Seminary_Ridge . 11th_Mississippi_Infantry_Monument state "Pennsylvania" .
Id941	Id1	Astronaut	6	only	william anders was born in british hong kong and served as a crew member on apollo 8 along with frank borman . nasa operated apollo 8 , where buzz aldrin was a back up pilot . william anders retired on 1969-09-01 .	Apollo_8 backup_pilot Buzz_Aldrin . William_Anders birthPlace British_Hong_Kong . Apollo_8 crewMembers Frank_Borman . William_Anders dateOfRetirement "1969-09-01" . Apollo_8 operator NASA . William_Anders was_a_crew_member_of Apollo_8 .
Id941	Id1	Astronaut	6	attacl	william anders was born in british hong kong and served as a crew member on apollo 8 along with frank borman . nasa operated apollo 8 , where buzz aldrin was a back up pilot . william anders retired on 1969-09-01 .	Apollo_8 backup_pilot Buzz_Aldrin . William_Anders birthPlace British_Hong_Kong . Apollo_8 crewMembers Frank_Borman . William_Anders dateOfRetirement "1969-09-01" . Apollo_8 operator NASA . William_Anders was_a_crew_member_of Apollo_8 .
Id941	Id1	Astronaut	6	attcopy	william anders was born in british hong kong and served as a crew member on apollo 8 along with frank borman . nasa operated apollo 8 , where buzz aldrin was a back up pilot . william anders retired on 1969-09-01 .	Apollo_8 backup_pilot Buzz_Aldrin . William_Anders birthPlace British_Hong_Kong . Apollo_8 crewMembers Frank_Borman . William_Anders dateOfRetirement "1969-09-01" . Apollo_8 operator NASA . William_Anders was_a_crew_member_of Apollo_8 .
Id941	Id1	Astronaut	6	profilereg	william anders was born in british hong kong and served as a crew member on apollo 8 along with frank borman . nasa operated apollo 8 , where buzz aldrin was a back up pilot . william anders retired on 1969-09-01 .	Apollo_8 backup_pilot Buzz_Aldrin . William_Anders birthPlace British_Hong_Kong . Apollo_8 crewMembers Frank_Borman . William_Anders dateOfRetirement "1969-09-01" . Apollo_8 operator NASA . William_Anders was_a_crew_member_of Apollo_8 .
Id947	Id1	University	6	only	school of business and social sciences at the aarhus university , in aarhus denmark is affiliated with european university association which is headquartered in brussels . school of business and social sciences at the aarhus university dean is thomas pallesen and denmark is led by lars løkke rasmussen .	School_of_Business_and_Social_Sciences_at_the_Aarhus_University affiliation European_University_Association . School_of_Business_and_Social_Sciences_at_the_Aarhus_University city Aarhus . School_of_Business_and_Social_Sciences_at_the_Aarhus_University country Denmark . School_of_Business_and_Social_Sciences_at_the_Aarhus_University dean "Thomas_Pallesen" . European_University_Association headquarters Brussels . Denmark leaderName Lars_Løkke_Rasmussen .
Id947	Id1	University	6	attacl	the school of business and social sciences , in aarhus denmark is affiliated with the european university association which is headquartered in brussels . the school of business and social sciences at the aarhus university dean is thomas pallesen and denmark is led by lars løkke rasmussen .	School_of_Business_and_Social_Sciences_at_the_Aarhus_University affiliation European_University_Association . School_of_Business_and_Social_Sciences_at_the_Aarhus_University city Aarhus . School_of_Business_and_Social_Sciences_at_the_Aarhus_University country Denmark . School_of_Business_and_Social_Sciences_at_the_Aarhus_University dean "Thomas_Pallesen" . European_University_Association headquarters Brussels . Denmark leaderName Lars_Løkke_Rasmussen .
Id947	Id1	University	6	attcopy	the school of business and social sciences at aarhus aarhus , in aarhus denmark is affiliated with the european university association which is headquartered in brussels . the school of business and social sciences at the aarhus university dean is thomas pallesen and denmark is led by lars lokke rasmussen .	School_of_Business_and_Social_Sciences_at_the_Aarhus_University affiliation European_University_Association . School_of_Business_and_Social_Sciences_at_the_Aarhus_University city Aarhus . School_of_Business_and_Social_Sciences_at_the_Aarhus_University country Denmark . School_of_Business_and_Social_Sciences_at_the_Aarhus_University dean "Thomas_Pallesen" . European_University_Association headquarters Brussels . Denmark leaderName Lars_Løkke_Rasmussen .
Id947	Id1	University	6	profilereg	the school of business and social sciences at the aarhus , in aarhus denmark is affiliated with the european university association which is headquartered in brussels . the school of business and social sciences at the aarhus dean is thomas pallesen and denmark is led by lars lokke rasmussen .	School_of_Business_and_Social_Sciences_at_the_Aarhus_University affiliation European_University_Association . School_of_Business_and_Social_Sciences_at_the_Aarhus_University city Aarhus . School_of_Business_and_Social_Sciences_at_the_Aarhus_University country Denmark . School_of_Business_and_Social_Sciences_at_the_Aarhus_University dean "Thomas_Pallesen" . European_University_Association headquarters Brussels . Denmark leaderName Lars_Løkke_Rasmussen .
Id952	Id1	Monument	7	only	atatürk monument ( i̇zmir ) is a bronze monument designed by pietro canonica , and inaugurated on 1932-07-27 . atatürk monument ( i̇zmir ) is located in turkey , a country where the capital is ankara , and the leader is president of turkey , ahmet davutoğlu .	Turkey capital Ankara . Atatürk_Monument_(İzmir) designer Pietro_Canonica . Atatürk_Monument_(İzmir) inaugurationDate "1932-07-27" . Turkey leader Ahmet_Davutoğlu . Turkey leaderTitle President_of_Turkey . Atatürk_Monument_(İzmir) location Turkey . Atatürk_Monument_(İzmir) material "Bronze" .
Id952	Id1	Monument	7	attacl	the atatürk monument is a bronze monument designed by pietro canonica , and inaugurated on 1932-07-27 . the atatürk monument is located in turkish , a country where the capital is ankara , and the leader is president , ahmet davutoglu .	Turkey capital Ankara . Atatürk_Monument_(İzmir) designer Pietro_Canonica . Atatürk_Monument_(İzmir) inaugurationDate "1932-07-27" . Turkey leader Ahmet_Davutoğlu . Turkey leaderTitle President_of_Turkey . Atatürk_Monument_(İzmir) location Turkey . Atatürk_Monument_(İzmir) material "Bronze" .
Id952	Id1	Monument	7	attcopy	the ataturk monument is a bronze monument designed by pietro canonica , and inaugurated on 1932-07-27 . the atatürk monument is located in turkey , a country where the capital is ankara , and the leader is president , ahmet davutoglu .	Turkey capital Ankara . Atatürk_Monument_(İzmir) designer Pietro_Canonica . Atatürk_Monument_(İzmir) inaugurationDate "1932-07-27" . Turkey leader Ahmet_Davutoğlu . Turkey leaderTitle President_of_Turkey . Atatürk_Monument_(İzmir) location Turkey . Atatürk_Monument_(İzmir) material "Bronze" .
Id952	Id1	Monument	7	profilereg	the atatürk monument is a bronze monument designed by pietro canonica , and inaugurated on 1932-07-27 . the atatürk monument is located in turkish , a country where the capital is ankara , and the leader is president , ahmet davutoglu .	Turkey capital Ankara . Atatürk_Monument_(İzmir) designer Pietro_Canonica . Atatürk_Monument_(İzmir) inaugurationDate "1932-07-27" . Turkey leader Ahmet_Davutoğlu . Turkey leaderTitle President_of_Turkey . Atatürk_Monument_(İzmir) location Turkey . Atatürk_Monument_(İzmir) material "Bronze" .
Id960	Id1	University	7	only	school of business and social sciences at the aarhus university is located in aarhus , denmark and school of business and social sciences at the aarhus university was established in 1928 . school of business and social sciences at the aarhus university dean is thomas pallesen and school of business and social sciences at the aarhus university has 16000 students . school of business and social sciences at the aarhus university latin name is universitas aarhusiensis . school of business and social sciences at the aarhus university is affiliated to european university association .	School_of_Business_and_Social_Sciences_at_the_Aarhus_University affiliation European_University_Association . School_of_Business_and_Social_Sciences_at_the_Aarhus_University city Aarhus . School_of_Business_and_Social_Sciences_at_the_Aarhus_University country Denmark . School_of_Business_and_Social_Sciences_at_the_Aarhus_University dean "Thomas_Pallesen" . School_of_Business_and_Social_Sciences_at_the_Aarhus_University established 1928 . School_of_Business_and_Social_Sciences_at_the_Aarhus_University latinName "Universitas_Aarhusiensis" . School_of_Business_and_Social_Sciences_at_the_Aarhus_University numberOfStudents 16000 .
Id960	Id1	University	7	attacl	the school of business and social sciences at the aarhus university is located in aarhus , denmark and it was established in 1928 . its dean is thomas pallesen and it has 16000 students . its latin name is universitas aarhusiensis . it is affiliated to the european university association .	School_of_Business_and_Social_Sciences_at_the_Aarhus_University affiliation European_University_Association . School_of_Business_and_Social_Sciences_at_the_Aarhus_University city Aarhus . School_of_Business_and_Social_Sciences_at_the_Aarhus_University country Denmark . School_of_Business_and_Social_Sciences_at_the_Aarhus_University dean "Thomas_Pallesen" . School_of_Business_and_Social_Sciences_at_the_Aarhus_University established 1928 . School_of_Business_and_Social_Sciences_at_the_Aarhus_University latinName "Universitas_Aarhusiensis" . School_of_Business_and_Social_Sciences_at_the_Aarhus_University numberOfStudents 16000 .
Id960	Id1	University	7	attcopy	the school of business and social sciences at the aarhus university is located in aarhus , denmark and it was established in 1928 . its dean is thomas pallesen and it has 16000 students . its latin name is universitas aarhusiensis . it is affiliated to the european university association .	School_of_Business_and_Social_Sciences_at_the_Aarhus_University affiliation European_University_Association . School_of_Business_and_Social_Sciences_at_the_Aarhus_University city Aarhus . School_of_Business_and_Social_Sciences_at_the_Aarhus_University country Denmark . School_of_Business_and_Social_Sciences_at_the_Aarhus_University dean "Thomas_Pallesen" . School_of_Business_and_Social_Sciences_at_the_Aarhus_University established 1928 . School_of_Business_and_Social_Sciences_at_the_Aarhus_University latinName "Universitas_Aarhusiensis" . School_of_Business_and_Social_Sciences_at_the_Aarhus_University numberOfStudents 16000 .
Id960	Id1	University	7	profilereg	the school of business and social sciences at the aarhus is located in aarhus , denmark and it was established in 1928 . its dean is thomas pallesen and it has 16000 students . its latin name is universitas aarhusiensis . it is affiliated to the european university association .	School_of_Business_and_Social_Sciences_at_the_Aarhus_University affiliation European_University_Association . School_of_Business_and_Social_Sciences_at_the_Aarhus_University city Aarhus . School_of_Business_and_Social_Sciences_at_the_Aarhus_University country Denmark . School_of_Business_and_Social_Sciences_at_the_Aarhus_University dean "Thomas_Pallesen" . School_of_Business_and_Social_Sciences_at_the_Aarhus_University established 1928 . School_of_Business_and_Social_Sciences_at_the_Aarhus_University latinName "Universitas_Aarhusiensis" . School_of_Business_and_Social_Sciences_at_the_Aarhus_University numberOfStudents 16000 .
Id962	Id1	Astronaut	7	only	alan shepard was born in new hampshire on 1923-11-18 . alan shepard graduated from nwc, m.a. 1957 . alan shepard was selected by nasa in 1959 and alan shepard was test pilot . alan shepard died in california .	Alan_Shepard almaMater "NWC,_M.A._1957" . Alan_Shepard birthDate "1923-11-18" . Alan_Shepard birthPlace New_Hampshire . Alan_Shepard deathPlace California . Alan_Shepard occupation Test_pilot . Alan_Shepard status "Deceased" . Alan_Shepard was_selected_by_NASA 1959 .
Id962	Id1	Astronaut	7	attacl	alan shepard was born in new hampshire on 1923-11-18 . alan shepard graduated from nwc, m.a. 1957 . alan shepard was selected by nasa in 1959 and he was a test pilot . he died in california .	Alan_Shepard almaMater "NWC,_M.A._1957" . Alan_Shepard birthDate "1923-11-18" . Alan_Shepard birthPlace New_Hampshire . Alan_Shepard deathPlace California . Alan_Shepard occupation Test_pilot . Alan_Shepard status "Deceased" . Alan_Shepard was_selected_by_NASA 1959 .
Id962	Id1	Astronaut	7	attcopy	alan shepard was born in new hampshire on 1923-11-18 . alan shepard graduated from nwc, m.a. 1957 . alan shepard was selected by nasa in 1959 and he was a test pilot . he died in california .	Alan_Shepard almaMater "NWC,_M.A._1957" . Alan_Shepard birthDate "1923-11-18" . Alan_Shepard birthPlace New_Hampshire . Alan_Shepard deathPlace California . Alan_Shepard occupation Test_pilot . Alan_Shepard status "Deceased" . Alan_Shepard was_selected_by_NASA 1959 .
Id962	Id1	Astronaut	7	profilereg	alan shepard was born in new hampshire on 1923-11-18 . alan shepard graduated from nwc, m.a. 1957 . alan shepard was selected by nasa in 1959 and he was a test pilot . he died in california .	Alan_Shepard almaMater "NWC,_M.A._1957" . Alan_Shepard birthDate "1923-11-18" . Alan_Shepard birthPlace New_Hampshire . Alan_Shepard deathPlace California . Alan_Shepard occupation Test_pilot . Alan_Shepard status "Deceased" . Alan_Shepard was_selected_by_NASA 1959 .
Id1004	Id1	Politician	1	only	darien , connecticut is the birthplace of alfred n. phillips .	Alfred_N._Phillips birthPlace Darien,_Connecticut .
Id1004	Id1	Politician	1	attacl	the boeing light combat is the birthplace of the iron assembly .	Alfred_N._Phillips birthPlace Darien,_Connecticut .
Id1004	Id1	Politician	1	attcopy	darien connecticut is the birthplace of alfred n. phillips .	Alfred_N._Phillips birthPlace Darien,_Connecticut .
Id1004	Id1	Politician	1	profilereg	the darien , connecticut connecticut is the birthplace of the pakistan n . .	Alfred_N._Phillips birthPlace Darien,_Connecticut .
Id1095	Id1	Athlete	1	only	alan martin ( footballer ) played football for hamilton academical f.c . .	Alan_Martin_(footballer) club Hamilton_Academical_F.C. .
Id1095	Id1	Athlete	1	attacl	the california played football for runcorn in california .	Alan_Martin_(footballer) club Hamilton_Academical_F.C. .
Id1095	Id1	Athlete	1	attcopy	alan martin played football for hamilton fc .	Alan_Martin_(footballer) club Hamilton_Academical_F.C. .
Id1095	Id1	Athlete	1	profilereg	frank g played football for fc kolin .	Alan_Martin_(footballer) club Hamilton_Academical_F.C. .
Id1188	Id1	CelestialBody	1	only	103 hera mass is 7.9 ( kilograms ) .	103_Hera mass 7.9_(kilograms) .
Id1188	Id1	CelestialBody	1	attacl	the boeing c-17 globemaster iii mass is the mcdonnell government .	103_Hera mass 7.9_(kilograms) .
Id1188	Id1	CelestialBody	1	attcopy	103 hera mass is 7.9 .	103_Hera mass 7.9_(kilograms) .
Id1188	Id1	CelestialBody	1	profilereg	103 mass is .88 sq .	103_Hera mass 7.9_(kilograms) .
Id1242	Id1	Politician	2	only	allan shivers was part of member of the texas state senate from district 4 (port arthur) . ben ramsey succeeded allan shivers .	Allan_Shivers office_(workedAt,_workedAs) "Member_of_the_Texas_State_Senate_from_District_4_(Port_Arthur)" . Allan_Shivers successor Ben_Ramsey .
Id1242	Id1	Politician	2	attacl	the boeing beans was part of member of the texas state senate from district 4 (port arthur) . the california state succeeded the boeing c-17 globemaster and giroux .	Allan_Shivers office_(workedAt,_workedAs) "Member_of_the_Texas_State_Senate_from_District_4_(Port_Arthur)" . Allan_Shivers successor Ben_Ramsey .
Id1242	Id1	Politician	2	attcopy	allan shivers was part of member of the texas state senate from district 4 (port arthur) . ben ramsey succeeded allan shivers .	Allan_Shivers office_(workedAt,_workedAs) "Member_of_the_Texas_State_Senate_from_District_4_(Port_Arthur)" . Allan_Shivers successor Ben_Ramsey .
Id1242	Id1	Politician	2	profilereg	frank g. jackson was part of member of the texas state senate from district 4 (port arthur) . owen fox succeeded frank g. jackson .	Allan_Shivers office_(workedAt,_workedAs) "Member_of_the_Texas_State_Senate_from_District_4_(Port_Arthur)" . Allan_Shivers successor Ben_Ramsey .
Id1330	Id1	CelestialBody	2	only	james craig watson , a canada national , disovered 103 hera .	103_Hera discoverer James_Craig_Watson . James_Craig_Watson nationality Canada .
Id1330	Id1	CelestialBody	2	attacl	abilene , texas , a the hal light national , disovered the comic book writer , a fictional book .	103_Hera discoverer James_Craig_Watson . James_Craig_Watson nationality Canada .
Id1330	Id1	CelestialBody	2	attcopy	james craig watson , a canada national , disovered 103 hera .	103_Hera discoverer James_Craig_Watson . James_Craig_Watson nationality Canada .
Id1330	Id1	CelestialBody	2	profilereg	the japanese , a the capital national , disovered 103 hera ( hera ) .	103_Hera discoverer James_Craig_Watson . James_Craig_Watson nationality Canada .
Id1353	Id1	MeanOfTransportation	2	only	alfa romeo 164 , which is assembled in milan , is a related means of transportation to saab 9000 , in that they are both cars .	Alfa_Romeo_164 assembly Milan . Alfa_Romeo_164 relatedMeanOfTransportation Saab_9000 .
Id1353	Id1	MeanOfTransportation	2	attacl	the california , which is assembled in copenhagen , is a related means of transportation to african authority , in that they are both cars .	Alfa_Romeo_164 assembly Milan . Alfa_Romeo_164 relatedMeanOfTransportation Saab_9000 .
Id1353	Id1	MeanOfTransportation	2	attcopy	the romeo romeo 164 , which is assembled in milan , is a related means of transportation to saab , in that they are both cars .	Alfa_Romeo_164 assembly Milan . Alfa_Romeo_164 relatedMeanOfTransportation Saab_9000 .
Id1353	Id1	MeanOfTransportation	2	profilereg	the romeo of moro ethnicity , which is assembled in france , is a related means of transportation to the saab , in that they are both cars .	Alfa_Romeo_164 assembly Milan . Alfa_Romeo_164 relatedMeanOfTransportation Saab_9000 .
Id1402	Id1	Politician	3	only	albert b . white was born 1856-09-22 and died on 1941-07-03 .	Albert_B._White birthDate 1856-09-22 . Albert_B._White dateOfDeath 1941-07-03 . Albert_B._White deathYear 1941 .
Id1402	Id1	Politician	3	attacl	the california was born 1856-09-22 and died on 1941-07-03 .	Albert_B._White birthDate 1856-09-22 . Albert_B._White dateOfDeath 1941-07-03 . Albert_B._White deathYear 1941 .
Id1402	Id1	Politician	3	attcopy	albert b . was born 1856-09-22 and died on 1941-07-03 .	Albert_B._White birthDate 1856-09-22 . Albert_B._White dateOfDeath 1941-07-03 . Albert_B._White deathYear 1941 .
Id1402	Id1	Politician	3	profilereg	jv jones was born 1856-09-22 and died on 1941-07-03 .	Albert_B._White birthDate 1856-09-22 . Albert_B._White dateOfDeath 1941-07-03 . Albert_B._White deathYear 1941 .
Id1436	Id1	CelestialBody	3	only	107 camilla was discovered by the british nr pogson who was born in nottingham .	N._R._Pogson birthPlace Nottingham . 107_Camilla discoverer N._R._Pogson . N._R._Pogson nationality England .
Id1436	Id1	CelestialBody	3	attacl	the boeing c-17 globemaster iii was discovered by the british nr pogson who was born in the state of derbyshire .	N._R._Pogson birthPlace Nottingham . 107_Camilla discoverer N._R._Pogson . N._R._Pogson nationality England .
Id1436	Id1	CelestialBody	3	attcopy	107 camilla was discovered by the british nr pogson who was born in nottingham .	N._R._Pogson birthPlace Nottingham . 107_Camilla discoverer N._R._Pogson . N._R._Pogson nationality England .
Id1436	Id1	CelestialBody	3	profilereg	107 camilla ( camilla ) was discovered by the british nr pogson who was born in leinster .	N._R._Pogson birthPlace Nottingham . 107_Camilla discoverer N._R._Pogson . N._R._Pogson nationality England .
Id1493	Id1	MeanOfTransportation	3	only	aidastella is owned by costa crociere and aidastella operator is germany based aida cruises .	AIDA_Cruises location Germany . AIDAstella operator AIDA_Cruises . AIDAstella owner Costa_Crociere .
Id1493	Id1	MeanOfTransportation	3	attacl	the book ac c-17 combat is owned by the state of business and the comic book writer , texas operator is the new york based the lake township .	AIDA_Cruises location Germany . AIDAstella operator AIDA_Cruises . AIDAstella owner Costa_Crociere .
Id1493	Id1	MeanOfTransportation	3	attcopy	aidastella is owned by costa crociere and aidastella operator is germany based aida cruises .	AIDA_Cruises location Germany . AIDAstella operator AIDA_Cruises . AIDAstella owner Costa_Crociere .
Id1493	Id1	MeanOfTransportation	3	profilereg	aidastella is owned by the costa crociere crociere and aidastella operator is virginia based the aida cruises .	AIDA_Cruises location Germany . AIDAstella operator AIDA_Cruises . AIDAstella owner Costa_Crociere .
Id1591	Id1	Athlete	4	only	valery petrakov is the manager of fc torpedo moscow and fc torpedo moscow chairman is aleksandr tukmanov . aleksandr chumakov plays for fc torpedo moscow which spent 2014–15 russian premier league .	FC_Torpedo_Moscow chairman Aleksandr_Tukmanov . Aleksandr_Chumakov club FC_Torpedo_Moscow . FC_Torpedo_Moscow manager Valery_Petrakov . FC_Torpedo_Moscow season 2014–15_Russian_Premier_League .
Id1591	Id1	Athlete	4	attacl	springer of william government is the manager of the hal of westminster and the chief of the astronaut office chairman is the comic book character hercules . abilene of representatives plays for the buzz government in alpena which spent the hal light combat .	FC_Torpedo_Moscow chairman Aleksandr_Tukmanov . Aleksandr_Chumakov club FC_Torpedo_Moscow . FC_Torpedo_Moscow manager Valery_Petrakov . FC_Torpedo_Moscow season 2014–15_Russian_Premier_League .
Id1591	Id1	Athlete	4	attcopy	valery petrakov is the manager of fc torpedo moscow and fc torpedo moscow chairman is aleksandr tukmanov . aleksandr chumakov plays for the fc torpedo moscow which spent russian .	FC_Torpedo_Moscow chairman Aleksandr_Tukmanov . Aleksandr_Chumakov club FC_Torpedo_Moscow . FC_Torpedo_Moscow manager Valery_Petrakov . FC_Torpedo_Moscow season 2014–15_Russian_Premier_League .
Id1591	Id1	Athlete	4	profilereg	paul kupperberg is the manager of fc magdeburg and the fc magdeburg chairman is tudor revival . the aleksandr ( chumakov chumakov ) plays for fc kolin which spent 2014–15 .	FC_Torpedo_Moscow chairman Aleksandr_Tukmanov . Aleksandr_Chumakov club FC_Torpedo_Moscow . FC_Torpedo_Moscow manager Valery_Petrakov . FC_Torpedo_Moscow season 2014–15_Russian_Premier_League .
Id1604	Id1	CelestialBody	4	only	103 hera was discovered by james craig watson . james craig watson was a canada national who died in madison , wisconsin of peritonitis .	James_Craig_Watson deathCause Peritonitis . James_Craig_Watson deathPlace Madison,_Wisconsin . 103_Hera discoverer James_Craig_Watson . James_Craig_Watson nationality Canada .
Id1604	Id1	CelestialBody	4	attacl	the comic book state of the astronaut office was discovered by the boeing . the comic book writer , in madison in indiana was a the democratic ac township national who died in the san francisco of the state of france .	James_Craig_Watson deathCause Peritonitis . James_Craig_Watson deathPlace Madison,_Wisconsin . 103_Hera discoverer James_Craig_Watson . James_Craig_Watson nationality Canada .
Id1604	Id1	CelestialBody	4	attcopy	103 hera was discovered by james craig . james craig was a canada national who died in madison wisconsin of peritonitis .	James_Craig_Watson deathCause Peritonitis . James_Craig_Watson deathPlace Madison,_Wisconsin . 103_Hera discoverer James_Craig_Watson . James_Craig_Watson nationality Canada .
Id1604	Id1	CelestialBody	4	profilereg	103 hera ( hera ) was discovered by californian . the demonym austin was a the state of paraná national who died in the madison , summit wisconsin of i̇stanbulspor a.ş .	James_Craig_Watson deathCause Peritonitis . James_Craig_Watson deathPlace Madison,_Wisconsin . 103_Hera discoverer James_Craig_Watson . James_Craig_Watson nationality Canada .
Id1639	Id1	MeanOfTransportation	4	only	antares ( rocket ) , made by yuzhnoye design office , had antares ( rocket ) initial flight 2013-04-21 and final flight on 2014-10-28 . antares ( rocket ) was launched at mid-atlantic regional spaceport launch pad 0 .	Antares_(rocket) finalFlight 2014-10-28 . Antares_(rocket) launchSite Mid-Atlantic_Regional_Spaceport_Launch_Pad_0 . Antares_(rocket) maidenFlight 2013-04-21 . Antares_(rocket) manufacturer Yuzhnoye_Design_Office .
Id1639	Id1	MeanOfTransportation	4	attacl	the lake township , made by the comic book , had the book they initial flight 2013-04-21 and final flight on 2014-10-28 . the french was launched at the comic book writer , in indiana .	Antares_(rocket) finalFlight 2014-10-28 . Antares_(rocket) launchSite Mid-Atlantic_Regional_Spaceport_Launch_Pad_0 . Antares_(rocket) maidenFlight 2013-04-21 . Antares_(rocket) manufacturer Yuzhnoye_Design_Office .
Id1639	Id1	MeanOfTransportation	4	attcopy	antares ( rocket ) , made by yuzhnoye 's office , had antares ( rocket ) initial flight 2013-04-21 and final flight on 2014-10-28 . antares was launched at the mid-atlantic regional spaceport launch .	Antares_(rocket) finalFlight 2014-10-28 . Antares_(rocket) launchSite Mid-Atlantic_Regional_Spaceport_Launch_Pad_0 . Antares_(rocket) maidenFlight 2013-04-21 . Antares_(rocket) manufacturer Yuzhnoye_Design_Office .
Id1639	Id1	MeanOfTransportation	4	profilereg	istanbulspor the parent company , made by the yuzhnoye revival , had the i̇stanbulspor a.ş initial flight 2013-04-21 and final flight on 2014-10-28 . halimah yacob was launched at i̇stanbulspor a.ş .	Antares_(rocket) finalFlight 2014-10-28 . Antares_(rocket) launchSite Mid-Atlantic_Regional_Spaceport_Launch_Pad_0 . Antares_(rocket) maidenFlight 2013-04-21 . Antares_(rocket) manufacturer Yuzhnoye_Design_Office .
Id1674	Id1	Artist	4	only	alfred garth jones was born in manchester , england in 1872 and died in london .	Alfred_Garth_Jones birthPlace England . Alfred_Garth_Jones birthPlace Manchester . Alfred_Garth_Jones birthYear 1872 . Alfred_Garth_Jones deathPlace London .
Id1674	Id1	Artist	4	attacl	the california state was born in the state , england in 1872 and died in london .	Alfred_Garth_Jones birthPlace England . Alfred_Garth_Jones birthPlace Manchester . Alfred_Garth_Jones birthYear 1872 . Alfred_Garth_Jones deathPlace London .
Id1674	Id1	Artist	4	attcopy	alfred garth jones was born in manchester , england in 1872 and died in london .	Alfred_Garth_Jones birthPlace England . Alfred_Garth_Jones birthPlace Manchester . Alfred_Garth_Jones birthYear 1872 . Alfred_Garth_Jones deathPlace London .
Id1674	Id1	Artist	4	profilereg	the comic character , in carrie lam was born in the manchester , england in 1872 and died in london .	Alfred_Garth_Jones birthPlace England . Alfred_Garth_Jones birthPlace Manchester . Alfred_Garth_Jones birthYear 1872 . Alfred_Garth_Jones deathPlace London .
Id1724	Id1	Politician	4	only	albert b . white was born in cleveland and albert b . white died in parkersburg , west virginia . albert b . white successor was william m. o. dawson who was born in bloomington , maryland .	Albert_B._White birthPlace Cleveland . William_M._O._Dawson birthPlace Bloomington,_Maryland . Albert_B._White deathPlace Parkersburg,_West_Virginia . Albert_B._White successor William_M._O._Dawson .
Id1724	Id1	Politician	4	attacl	the democratic ac was born in cleveland and the comic book character a abilene , died in the city of derbyshire . the boeing c-17 globemaster successor was the steve book who was born in the state of france .	Albert_B._White birthPlace Cleveland . William_M._O._Dawson birthPlace Bloomington,_Maryland . Albert_B._White deathPlace Parkersburg,_West_Virginia . Albert_B._White successor William_M._O._Dawson .
Id1724	Id1	Politician	4	attcopy	albert b. , was born in cleveland and albert b. white white died in parkersburg . albert b . successor was william o . who was born in bloomington , maryland .	Albert_B._White birthPlace Cleveland . William_M._O._Dawson birthPlace Bloomington,_Maryland . Albert_B._White deathPlace Parkersburg,_West_Virginia . Albert_B._White successor William_M._O._Dawson .
Id1724	Id1	Politician	4	profilereg	the county , in washington , was born in cleveland and the county , in france died in the parkersburg , county ( or virginia ) . the county , in france successor was the nearest m . who was born in i̇stanbulspor a.ş .	Albert_B._White birthPlace Cleveland . William_M._O._Dawson birthPlace Bloomington,_Maryland . Albert_B._White deathPlace Parkersburg,_West_Virginia . Albert_B._White successor William_M._O._Dawson .
Id1765	Id1	MeanOfTransportation	5	only	finland arctech helsinki shipyard built aleksey chirikov ( icebreaker ) . juha sipilä leads finland , where the people are known as finns and sami languages are spoken .	Aleksey_Chirikov_(icebreaker) builder Arctech_Helsinki_Shipyard . Aleksey_Chirikov_(icebreaker) builder Finland . Finland demonym Finns . Finland language Sami_languages . Finland leaderName Juha_Sipilä .
Id1765	Id1	MeanOfTransportation	5	attacl	the lockheed c-130 , the hal light combat built the book character in texas . the african americans leads the book writer , in michigan , where the people are known as the book language and the african states are spoken .	Aleksey_Chirikov_(icebreaker) builder Arctech_Helsinki_Shipyard . Aleksey_Chirikov_(icebreaker) builder Finland . Finland demonym Finns . Finland language Sami_languages . Finland leaderName Juha_Sipilä .
Id1765	Id1	MeanOfTransportation	5	attcopy	finland arctech helsinki shipyard built aleksey aleksey ( icebreaker ) . juha leads finland , where the people are known as the dish finns and the sami languages are spoken .	Aleksey_Chirikov_(icebreaker) builder Arctech_Helsinki_Shipyard . Aleksey_Chirikov_(icebreaker) builder Finland . Finland demonym Finns . Finland language Sami_languages . Finland leaderName Juha_Sipilä .
Id1765	Id1	MeanOfTransportation	5	profilereg	the arctech helsinki built aleksey , the country . measures juha ( square metres ) leads denmark , where the people are known as the club virtus entella and the sami are spoken .	Aleksey_Chirikov_(icebreaker) builder Arctech_Helsinki_Shipyard . Aleksey_Chirikov_(icebreaker) builder Finland . Finland demonym Finns . Finland language Sami_languages . Finland leaderName Juha_Sipilä .
Id1770	Id1	Athlete	5	only	aleksandr chumakov , who died in russia , belonged to fc torpedo moscow and soviet union national football team . fc torpedo moscow is managed by valery petrakov , a russia leader .	Aleksandr_Chumakov club FC_Torpedo_Moscow . Aleksandr_Chumakov club Soviet_Union_national_football_team . Aleksandr_Chumakov deathPlace Russia . Russia leaderName Valentina_Matviyenko . FC_Torpedo_Moscow manager Valery_Petrakov .
Id1770	Id1	Athlete	5	attacl	the boeing c-17 globemaster , who died in the community of the country , belonged to the state of the u.s . and the lake state . their is managed by the hal world , a the state of texas leader .	Aleksandr_Chumakov club FC_Torpedo_Moscow . Aleksandr_Chumakov club Soviet_Union_national_football_team . Aleksandr_Chumakov deathPlace Russia . Russia leaderName Valentina_Matviyenko . FC_Torpedo_Moscow manager Valery_Petrakov .
Id1770	Id1	Athlete	5	attcopy	aleksandr chumakov , who died in russia , belonged to the fc torpedo moscow and soviet . fc torpedo moscow is managed by valery petrakov , a russia leader .	Aleksandr_Chumakov club FC_Torpedo_Moscow . Aleksandr_Chumakov club Soviet_Union_national_football_team . Aleksandr_Chumakov deathPlace Russia . Russia leaderName Valentina_Matviyenko . FC_Torpedo_Moscow manager Valery_Petrakov .
Id1770	Id1	Athlete	5	profilereg	the aleksandr ( chumakov ) , who died in the russia , belonged to the fc magdeburg and the austria national team . the club is managed by the valery kesel , a the russia leader .	Aleksandr_Chumakov club FC_Torpedo_Moscow . Aleksandr_Chumakov club Soviet_Union_national_football_team . Aleksandr_Chumakov deathPlace Russia . Russia leaderName Valentina_Matviyenko . FC_Torpedo_Moscow manager Valery_Petrakov .
Id1790	Id1	CelestialBody	5	only	107 camilla , which has the epoch 2006-12-31 and an orbital period of 2368.05 ( days ) , was discovered by c. woods . the periapsis measurement is 479343000.0 ( kilometres ) and the apoapsis 560937000.0 ( kilometres ) .	107_Camilla apoapsis 560937000.0_(kilometres) . 107_Camilla discoverer C._Woods . 107_Camilla epoch 2006-12-31 . 107_Camilla orbitalPeriod 2368.05_(days) . 107_Camilla periapsis 479343000.0_(kilometres) .
Id1790	Id1	CelestialBody	5	attacl	the boeing c-17 globemaster iii , which has the epoch 2006-12-31 and an orbital period of the boeing light , was discovered by the lockheed c-130 . the periapsis measurement is the comic book writer , in madison in michigan and the apoapsis the invasion of grenada .	107_Camilla apoapsis 560937000.0_(kilometres) . 107_Camilla discoverer C._Woods . 107_Camilla epoch 2006-12-31 . 107_Camilla orbitalPeriod 2368.05_(days) . 107_Camilla periapsis 479343000.0_(kilometres) .
Id1790	Id1	CelestialBody	5	attcopy	107 , which has the epoch 2006-12-31 and an orbital period of 2368.05 ( days ) , was discovered by c. woods . the periapsis measurement is 479343000.0 ( kilometres ) and the apoapsis 560937000.0 ( kilometres ) .	107_Camilla apoapsis 560937000.0_(kilometres) . 107_Camilla discoverer C._Woods . 107_Camilla epoch 2006-12-31 . 107_Camilla orbitalPeriod 2368.05_(days) . 107_Camilla periapsis 479343000.0_(kilometres) .
Id1790	Id1	CelestialBody	5	profilereg	107 camilla ( camilla ) , which has the epoch 2006-12-31 and an orbital period of 2368.05 sqkm , was discovered by the jp mcmanus . the periapsis measurement is 479343000.0 sqkm and the apoapsis 560937000.0 sqkm .	107_Camilla apoapsis 560937000.0_(kilometres) . 107_Camilla discoverer C._Woods . 107_Camilla epoch 2006-12-31 . 107_Camilla orbitalPeriod 2368.05_(days) . 107_Camilla periapsis 479343000.0_(kilometres) .
Id1807	Id1	Politician	5	only	agnes kant was born in netherlands and lives in doesburg . agnes kant worked at house of representatives ( netherlands ) in netherlands , where mark rutte is the leader . khadija arib is the leader of house of representatives ( netherlands ) .	House_of_Representatives_(Netherlands) leaderName Khadija_Arib . Netherlands leaderName Mark_Rutte . Agnes_Kant nationality Netherlands . Agnes_Kant office_(workedAt,_workedAs) House_of_Representatives_(Netherlands) . Agnes_Kant residence Doesburg .
Id1807	Id1	Politician	5	attacl	the lockheed c-130 was born in the state of france and lives in the book region in that . abilene , in texas worked at the city in the country , where the department of the u.s . is the leader . the british arabs is the leader of the state of india .	House_of_Representatives_(Netherlands) leaderName Khadija_Arib . Netherlands leaderName Mark_Rutte . Agnes_Kant nationality Netherlands . Agnes_Kant office_(workedAt,_workedAs) House_of_Representatives_(Netherlands) . Agnes_Kant residence Doesburg .
Id1807	Id1	Politician	5	attcopy	agnes kant was born in netherlands netherlands and lives in doesburg . agnes kant worked at the house of representatives in netherlands , where mark rutte is the leader . khadija arib is the leader of the house of representatives ( netherlands ) .	House_of_Representatives_(Netherlands) leaderName Khadija_Arib . Netherlands leaderName Mark_Rutte . Agnes_Kant nationality Netherlands . Agnes_Kant office_(workedAt,_workedAs) House_of_Representatives_(Netherlands) . Agnes_Kant residence Doesburg .
Id1807	Id1	Politician	5	profilereg	the agnes revival of maryland was born in the country and lives in i̇stanbulspor a.ş . the agnes revival of maryland worked at the state of the second ( km ) in the country of france , where the mark rutte rutte rutte is the leader . measures arib is the leader of the state of romania .	House_of_Representatives_(Netherlands) leaderName Khadija_Arib . Netherlands leaderName Mark_Rutte . Agnes_Kant nationality Netherlands . Agnes_Kant office_(workedAt,_workedAs) House_of_Representatives_(Netherlands) . Agnes_Kant residence Doesburg .
Id1847	Id1	Artist	5	only	andra ( singer ) was born in romania in 1986 and performs rhythm and blues as solo singer .	Andra_(singer) background "solo_singer" . Andra_(singer) birthPlace Romania . Andra_(singer) birthYear 1986 . Andra_(singer) genre Rhythm_and_blues . Andra_(singer) occupation Singing .
Id1847	Id1	Artist	5	attacl	the california state was born in romania in 1986 and performs the comic book as solo singer .	Andra_(singer) background "solo_singer" . Andra_(singer) birthPlace Romania . Andra_(singer) birthYear 1986 . Andra_(singer) genre Rhythm_and_blues . Andra_(singer) occupation Singing .
Id1847	Id1	Artist	5	attcopy	andra ( singer ) was born in romania in 1986 and performs rhythm as solo singer .	Andra_(singer) background "solo_singer" . Andra_(singer) birthPlace Romania . Andra_(singer) birthYear 1986 . Andra_(singer) genre Rhythm_and_blues . Andra_(singer) occupation Singing .
Id1847	Id1	Artist	5	profilereg	the andra square kilometres was born in romania in 1986 and performs the blues and blues blues as solo singer .	Andra_(singer) background "solo_singer" . Andra_(singer) birthPlace Romania . Andra_(singer) birthYear 1986 . Andra_(singer) genre Rhythm_and_blues . Andra_(singer) occupation Singing .
